freq,word
1590,die
1148,het
698,en
477,sy
446,nie
369,was
366,hy
354,te
337,is
328,ek
315,om
309,hulle
303,in
293,my
287,'n
275,vir
271,toe
255,haar
231,van
200,dit
194,op
193,se
188,wat
167,met
148,gaan
143,baie
130,ons
128,jy
127,na
122,maar
105,hom
101,so
100,n
99,huis
98,kan
95,aan
93,dat
90,daar
87,sal
85,jou
83,gesê
78,by
77,kom
72,een
70,ma
67,as
67,son
67,groot
65,begin
63,al
62,saam
61,uit
60,dag
58,sien
57,af
56,maak
55,mense
54,hierdie
53,water
53,pa
53,hoe
52,oor
51,sê
50,terug
49,man
49,weg
49,klein
48,ŉ
48,kon
48,ander
47,eet
45,leeu
45,hardloop
45,word
44,vra
44,ook
43,sing
42,weer
42,uil
42,anansi
42,vrou
41,hou
41,laat
41,meisie
40,wees
40,almal
40,moet
40,net
40,soos
39,lank
39,vuur
39,meer
39,loop
38,deur
38,simbegwire
36,gemaak
36,diere
36,gegee
36,wou
35,waar
35,skilpad
35,hond
34,kry
34,kyk
33,weet
33,slaap
32,sit
32,hoekom
32,gevra
31,wanneer
31,tot
30,besluit
30,dans
30,boom
30,koei
30,bang
30,daardie
30,speel
29,gehad
29,bly
29,vrugte
29,terwyl
29,ouers
29,seun
29,hiëna
28,elke
28,nou
28,soek
28,gee
28,ou
28,vriende
27,dink
27,gekom
27,glimlag
27,lug
27,gegaan
26,goed
26,jackal
26,twee
26,onder
25,tyd
25,roep
25,julle
25,haas
25,sonder
25,pad
25,sodat
25,slang
24,gesing
24,hare
24,omdat
24,kos
24,doen
24,wil
24,kat
24,vertel
24,rooi
23,mooi
23,reën
23,pot
23,gesien
22,storie
22,ouma
22,vinnig
22,baba
22,wie
22,koning
22,nonkungu
22,hoog
22,geword
22,help
22,kalabushe
21,kraai
21,apie
21,luke
21,haan
21,nog
21,volgende
20,hoor
20,kind
20,vleis
20,of
20,eendag
20,dan
20,mulongo
20,stories
19,warm
19,gelukkig
19,hele
19,klap
19,want
19,vat
19,tannie
19,tak
19,swaai
19,kinders
19,imbulu
19,mandjie
18,wind
18,bietjie
18,perd
18,bring
18,wag
18,rug
18,gebeur
18,khayanga
18,nee
18,eier
18,spring
17,waaat
17,gelede
17,aarde
17,lief
17,hasie
17,dogtertjie
17,keke
17,goeie
17,keer
17,iets
17,hennetjie
17,probeer
16,gat
16,gevlieg
16,vlieg
16,dood
16,nuwe
16,gevat
16,oggend
16,besig
16,teen
16,eerste
16,bo
16,agter
16,antwoord
16,geloop
16,vriend
16,tuin
15,huistoe
15,geld
15,verby
15,asseblief
15,gesit
15,donker
15,huil
15,skool
15,jong
15,gras
15,juffrou
15,gehou
15,sterk
15,naam
15,wêreld
15,val
15,liedjie
15,spesiale
15,bassie
14,binne
14,reg
14,vol
14,bed
14,vis
14,yayeri
14,vas
14,neem
14,hier
14,wangari
14,wurmpie
14,trek
13,klim
13,lang
13,alles
13,benjamin
13,stok
13,beeste
13,rond
13,plan
13,stert
13,yusuf
13,verder
13,ja
13,altyd
13,vang
13,kort
13,hartseer
13,mamma
13,geen
13,grond
13,hul
13,gehardloop
13,plek
13,hê
13,a
13,bal
13,seuns
13,dra
13,seekoei
13,familie
12,geëet
12,krokodil
12,oppad
12,honger
12,jakkals
12,oom
12,gehoor
12,lag
12,land
12,onsself
12,voel
12,niks
12,voor
12,dae
12,mtonyama
12,drie
12,mnr
12,gekry
11,stroom
11,vere
11,mevrou
11,gryp
11,stem
11,kisirusiru
11,werk
11,reguit
11,naby
11,nader
11,lyk
11,sak
11,liggaam
11,bruin
11,nooit
11,sokker
11,sinson
11,slim
11,paar
11,arme
11,hoender
11,ver
11,anita
11,swem
11,ontmoet
11,skree
11,veld
10,alleen
10,totdat
10,dorp
10,moeg
10,gebreek
10,mekaar
10,slak
10,uiteindelik
10,stop
10,waarom
10,stokke
10,dinge
10,myne
10,bome
10,tienk
10,verlaat
10,dame
10,luister
10,enige
10,gehelp
10,tande
10,daarvan
9,aasvoël
9,lig
9,gevolg
9,kombers
9,gewoon
9,heel
9,pragtige
9,vandag
9,gesig
9,vind
9,o
9,oud
9,nat
9,gooi
9,papa
9,bos
9,stap
9,wakker
9,reus
9,leer
9,hiënas
9,langs
9,groen
9,beweeg
9,kop
9,dogter
9,mossie
9,haal
9,gedoen
9,vayu
9,voëls
9,oë
9,melk
9,gespring
9,dorpie
9,hoogste
9,geleer
9,nyame
8,liewenheersbesie
8,grootste
8,moenie
8,streepmuis
8,aand
8,graag
8,staan
8,sou
8,gewerk
8,akinyi
8,swart
8,druiwe
8,woud
8,horings
8,verskillende
8,maan
8,geskenk
8,taxi
8,geroep
8,gepraat
8,verkoop
8,bereik
8,genoem
8,berge
8,genoeg
8,rede
8,kant
8,luiheid
8,probleem
8,dalk
8,neymar
8,praat
8,betaal
8,klere
8,gebruik
8,buite
8,weggestuur
8,bokke
8,vroue
7,gestuur
7,plaas
7,lied
7,gunsteling
7,mond
7,lees
7,oh
7,bondel
7,later
7,gou
7,hand
7,hard
7,meeue
7,gebly
7,boerbok
7,kwaad
7,nogsteeds
7,manne
7,afrika
7,ore
7,bo-op
7,gevoel
7,voels
7,kruip
7,geval
7,homself
7,skrik
7,verander
7,koop
7,voet
7,brief
7,hout
7,e
7,geskree
7,wolf
7,idee
7,iemand
7,voël
7,siek
7,lui
7,geklim
7,volstruis
7,nelima
7,verloor
7,raak
7,bedien
7,jagter
7,ryk
7,geniet
7,rus
7,rukkie
7,ruk
7,nadat
7,romp
6,bouers
6,besoek
6,vaardigheid
6,rivier
6,ei
6,behoort
6,beste
6,nambuya
6,reis
6,geliefde
6,uur
6,saggies
6,eienaar
6,eliana
6,geraak
6,see
6,prys
6,selfs
6,eens
6,wit
6,basetsana
6,demonstreer
6,bestuurder
6,tuis
6,beter
6,verduidelik
6,dieselfde
6,lê
6,arms
6,klaar
6,partytjie
6,skerp
6,pappa
6,dis
6,mag
6,esel
6,gedra
6,wurm
6,gedink
6,blaf
6,blomme
6,hoenders
6,gevang
6,slange
6,drink
6,gevind
6,blou
6,motor
6,vark
6,heuwel
6,vel
6,suur
6,soldate
6,geweet
6,boer
6,hart
6,mans
6,aasvoel
6,glimlagte
6,aangekom
6,geantwoord
6,staat
6,stad
6,stadig
6,bok
6,mielies
6,ewe
6,suid-afrika
6,halssnoer
6,stil
6,bou
6,groente
6,stokkies
6,haai
6,dop
6,lewe
6,moes
6,mens
5,ǹ
5,sewe
5,vier
5,vetterige
5,helder
5,perdebye
5,hemel
5,golwe
5,aanhou
5,glo
5,vlerke
5,oop
5,verskyn
5,gewen
5,toegelaat
5,skaam
5,teken
5,geweier
5,albei
5,tel
5,huise
5,skielik
5,ongelukkig
5,onderwyseres
5,voeltjie
5,olifant
5,gestap
5,stukkies
5,gesmeek
5,veroorsaak
5,gesin
5,arm
5,posman
5,niemand
5,gese
5,gered
5,nek
5,neer
5,winberg
5,skoon
5,geplant
5,geneem
5,geluister
5,bene
5,skop
5,beskerm
5,jakal
5,nag
5,gehuil
5,joune
5,musiek
5,gedans
5,vergadering
5,kenya
5,slegs
5,firesticks
5,blaas
5,ertjies
5,einde
5,vulture
5,mina
5,middag
5,springbok
5,boek
5,mej
5,kumalo
5,duiker
5,laaste
5,vêr
5,medisyne
5,waai
5,mal
5,makabela
5,broers
5,ding
5,sonne
5,bruidskat
5,los
5,brul
5,dima
5,diewe
5,dier
5,sorg
5,watter
5,daarna
5,waneer
5,dadelik
4,buitekant
4,license
4,lelik
4,liedjies
4,lekker
4,language
4,reisgeld
4,deel
4,diep
4,cc-by
4,bure
4,soweto
4,vanaf
4,lyf
4,doel
4,suster
4,waarheid
4,langer
4,doodgaan
4,brand
4,swaar
4,soet
4,weergawe
4,veg
4,droom
4,bors
4,meisies
4,veilig
4,eeeeh
4,weggehardloop
4,text
4,miriam
4,eie
4,kuier
4,blare
4,emmer
4,krag
4,wei
4,koud
4,moeilikheid
4,vrouens
4,vroeg
4,koningin
4,koel
4,kleure
4,biblioteek
4,gebied
4,teruggekeer
4,gebrand
4,vriendin
4,bewonder
4,moloko
4,mpho
4,vergeet
4,geel
4,geglimlag
4,gegroei
4,kalahari
4,vragmotor
4,vrae
4,skuiling
4,julself
4,voëltjie
4,môre
4,ry
4,naald
4,steek
4,vorentoe
4,verlig
4,saak
4,gekyk
4,illustration
4,prins
4,gelos
4,geluid
4,bekommerd
4,nanu
4,sterker
4,beeswagter
4,netasile
4,gereed
4,babas
4,woon
4,nodig
4,volg
4,hut
4,geslaap
4,stuur
4,gespeel
4,poel
4,voete
4,versamelaars
4,omgedraai
4,vloer
4,alreeds
4,onthou
4,gewag
4,alhoewel
4,akkedis
4,trap
4,agtertoe
4,translation
4,gewonder
4,takke
4,afrikaans
4,hoofman
4,honde
4,versprei
4,orals
4,ouderdom
4,vlerk
4,oupa
4,hoer
4,verstaan
4,aangeespel
4,padda
4,haarself
4,vinniger
4,seer
4,verwelkom
4,papier
4,studeer
4,pels
4,seuntjie
3,tydens
3,harde
3,ses
3,sewende
3,hang
3,he
3,hee
3,hande
3,hek
3,grootpratery
3,helderste
3,groei
3,hemp
3,verte
3,grafte
3,vlamme
3,glans
3,glad
3,sisa
3,san
3,hoogte
3,hoop
3,ghana
3,verskriklike
3,sambreel
3,hospitaal
3,skaars
3,sakke
3,hoë
3,gewas
3,gewaarsku
3,gevaarlike
3,huiswerk
3,hulp
3,geslaan
3,geskok
3,voortande
3,indringer
3,gekraai
3,ingeskiet
3,saadjie
3,inwoners
3,jaag
3,jaaka
3,gekoop
3,jag
3,skreeu
3,jare
3,swish
3,jonk
3,verlaag
3,skryf
3,geheim
3,verkeerd
3,skyn
3,swembad
3,sweef
3,ken
3,gebreekte
3,khumba
3,kla
3,gebore
3,kleingeld
3,kleinseun
3,kleinste
3,slegte
3,klink
3,klok
3,klomp
3,teruggekom
3,rondom
3,gebid
3,verborge
3,swak
3,kook
3,rol
3,vry
3,kraal
3,vryf
3,krale
3,eiers
3,kultuur
3,riviere
3,eers
3,vuurmaakhout
3,kwi
3,dwase
3,rigtings
3,druk
3,droog
3,waarheen
3,richard
3,vashou
3,langste
3,dapper
3,lappe
3,danser
3,lele
3,soveel
3,dankie
3,daarom
3,vanuit
3,daai
3,week
3,vandaan
3,bruid
3,luiperd
3,spier
3,vader
3,maag
3,maama
3,maande
3,weereens
3,makeba
3,spin
3,mandela
3,mark
3,marlene
3,spinnekop
3,uitkom
3,boot
3,boetie
3,wegkruipertjie
3,min
3,bloed
3,blink
3,moeder
3,r
3,pyn
3,moeilik
3,binnekant
3,punt
3,tink
3,wens
3,moontlik
3,stamhoof
3,wetenskap
3,suidafrika
3,bessie
3,harder
3,steeds
3,name
3,berg
3,behalwe
3,ncede
3,neefies
3,bedek
3,baklei
3,pratende
3,pragtigge
3,tuiste
3,pragtig
3,bad
3,nette
3,aseblief
3,tuine
3,wolke
3,anders
3,trou
3,nuus
3,trots
3,ná
3,troos
3,stomp
3,pluk
3,plop
3,and
3,woorde
3,omring
3,amper
3,altwee
3,stukke
3,ontslae
3,wys
3,straat
3,ag
3,xun
3,piesangs
3,oorlede
3,trane
3,opkom
3,afgekom
3,tou
3,aankom
3,aangehou
3,aandete
3,aande
3,zizo
3,verhuis
2,meneer
2,stry
2,aangebied
2,passie
2,aangesien
2,aangetrek
2,strek
2,partykeer
2,advies
2,afgebrand
2,stuk
2,toemaak
2,strand
2,pak
2,alle
2,wuuuu
2,wurms
2,storiekoning
2,toets
2,paadjies
2,paadjie
2,als
2,tone
2,owl
2,amerika
2,stukkie
2,styf
2,stoel
2,woo
2,totsiens
2,ouer
2,arend
2,around
2,oudste
2,arrogant
2,woestyn
2,toue
2,ayanda
2,babatjie
2,organisasie
2,badkamer
2,oranje
2,woedend
2,oral
2,woede
2,bedank
2,opsoek
2,beeldskoon
2,beheer
2,beide
2,persoonlikheid
2,bek
2,stemmetjie
2,opgeëet
2,opgewonde
2,opgetel
2,beplan
2,bes
2,besef
2,wiegieliedjie
2,opgekom
2,besigheid
2,opgehou
2,besit
2,bessies
2,wette
2,werklikheid
2,beurt
2,bier
2,wen
2,oorvertel
2,binnekort
2,sukses
2,wegsleep
2,wegkruip
2,bo-oor
2,weggesteek
2,spraaksame
2,boeties
2,bons
2,oorbelle
2,weerligstraal
2,braaf
2,breed
2,breedste
2,broer
2,spesiaal
2,toebroodjies
2,wedstryd
2,bye
2,ontvang
2,spel
2,chad
2,county
2,d
2,superkoei
2,daarin
2,plante
2,daarmee
2,daaroor
2,tree
2,span
2,dankbaar
2,waks
2,sophiatown
2,dienaars
2,surfers
2,doelhok
2,ongeluk
2,waarmee
2,sommige
2,onderwyser
2,onderwys
2,dogtertjies
2,onderkant
2,susters
2,doodgegaan
2,waaneer
2,dopgehou
2,omsien
2,dorings
2,omhels
2,dorpsmense
2,draai
2,vêrder
2,droë
2,to
2,vyf
2,dryf
2,duisternis
2,eagle
2,eeeh
2,snoet
2,eenkant
2,eerder
2,smelt
2,vuil
2,tronk
2,ekstra
2,smaaklike
2,oefening
2,oe
2,odisha
2,polisie
2,end
2,erken
2,nylrivier
2,vrydag
2,ete
2,ewig
2,fiets
2,sluk
2,fluister
2,fluit
2,gaar
2,sluit
2,ge
2,gebel
2,notas
2,sleg
2,sleep
2,gebring
2,gedeel
2,nooi
2,gedemonstreer
2,gedurende
2,geelstert
2,vreemde
2,geeët
2,noem
2,vrede
2,geglo
2,gehang
2,voёl
2,niggie
2,voȅl
2,nigerië
2,pou
2,tuisgemaakte
2,gekies
2,syl
2,skrape
2,neus
2,skouers
2,gelag
2,netbal
2,skottelgoed
2,geleef
2,nes
2,geluide
2,nelson
2,geluk
2,voorlê
2,gelyk
2,gemeenskap
2,gemeenskappe
2,genaamd
2,skoonheid
2,voorkoms
2,turkana
2,voorkant
2,voorheen
2,neddikkie
2,genooi
2,voordat
2,natuurlik
2,skooltoe
2,voorberei
2,gesegde
2,volwassenes
2,voltooi
2,namuya
2,volle
2,geskeer
2,volksverhaal
2,geskop
2,skoene
2,geslaag
2,skip
2,gesleep
2,gestaan
2,gesteel
2,gestem
2,gesterf
2,gestop
2,gestroom
2,geswaai
2,gesweef
2,myaaawuu
2,getrek
2,skil
2,voedsel
2,proe
2,munda
2,gevryf
2,vloei
2,muise
2,gewens
2,vlam
2,uie
2,siklus
2,grootgeword
2,vissers
2,visserman
2,vishoek
2,mors
2,vinning
2,hallo
2,vinnige
2,vining
2,vingers
2,uitgebars
2,vet
2,sere
2,seeskilpaaie
2,heeltemal
2,heen
2,hello
2,hen
2,hoek
2,hoeveel
2,hoof
2,sand
2,samel
2,sambrele
2,salie
2,hoër
2,huidige
2,sagte
2,teleurstelling
2,miskien
2,safiya
2,minute
2,saamkom
2,huwelik
2,verras
2,verower
2,vermom
2,verlore
2,indiese
2,ingang
2,middagete
2,ingesluip
2,ingesluk
2,insekte
2,insluk
2,s
2,jaar
2,verlede
2,jaloers
2,jammer
2,rwanda
2,studies
2,rustig
2,ten
2,kameel
2,kameelperd
2,kamer
2,verhaal
2,kante
2,red
2,meeste
2,kerf
2,kis
2,verdien
2,klank
2,klas
2,kleiner
2,rotte
2,rots
2,kleur
2,kleurvolle
2,kliniek
2,rosa
2,manyeka
2,klop
2,koeie
2,uitpluk
2,koekoedekoe-koe
2,koeldrank
2,manier
2,mangumbu
2,verbaas
2,uitstraal
2,kompetisie
2,kongo
2,verassing
2,romeo
2,mama
2,koppe
2,kosbare
2,kraak
2,roeispane
2,kroon
2,velkleur
2,magic
2,kwaai
2,ritme
2,laag
2,landerye
2,vasgevang
2,leeus
2,lei
2,maathai
2,maat
2,leier
2,reuk
2,vasgebind
2,res
2,regoor
2,liefgehad
2,liefste
2,varke
2,rek
2,loer
2,vangs
2,v
1,state
1,vak
1,regtig
1,vallei
1,vanaand
1,thuli
1,regverdige
1,regverdigheid
1,lughano
1,vandat
1,louwrisa
1,lot
1,losgebreek
1,themba
1,loopfoon
1,regop
1,lolupe
1,maaitjie
1,lisensie
1,lippe
1,lint
1,ligter
1,ligte
1,liggame
1,maaitjies
1,ligaam
1,universiteit
1,life
1,vars
1,liewe
1,maal
1,liefling
1,liefhet
1,maaltyd
1,liefde
1,vasberadenheid
1,uniform
1,vasbeslote
1,liedjes
1,maandae
1,respek
1,leë
1,lewens
1,vasgehou
1,leliker
1,respekteer
1,reggemaak
1,lekkers
1,thabo
1,unieke
1,maatjie
1,maatjies
1,vasgeklo
1,vasgeloop
1,vasgemaak
1,leen
1,leeg
1,leef
1,lee
1,maats
1,reëls
1,lanks
1,vasgewerk
1,thaalu
1,reënerige
1,reënjas
1,ridwaan
1,vasplak
1,machete
1,lande
1,vatwerk
1,veel
1,laf
1,laerskool
1,rig
1,laastens
1,rigting
1,madeliefies
1,rijsdijk
1,mae
1,kweek
1,uitweg
1,veilige
1,kunstenaars
1,kuns
1,ritsel
1,roe
1,roeispan
1,vele
1,krul
1,mahongo
1,kroontjie
1,maka
1,kronkel
1,krokodille
1,velkleure
1,krokidil
1,krippel
1,krieke
1,krappie
1,krap
1,kransie
1,regeerders
1,kragtige
1,kragte
1,tevrede
1,roeping
1,regeer
1,venster
1,koue
1,rok
1,kossoorte
1,makgalemele
1,vensterbank
1,venstergordyne
1,korrekte
1,tie
1,kopbal
1,veral
1,koor
1,veranderings
1,kooltjie
1,koolkop
1,kookoliookoo
1,rolmodel
1,koninklike
1,koninklik
1,uitvind
1,mamma's
1,uituindelik
1,verassings
1,reen
1,kompeteer
1,komeptisie
1,kombuis
1,komberse
1,maneka
1,terugsand
1,koeltebome
1,maniere
1,terugkeer
1,koekon
1,manipulasies
1,koekoedekoe
1,koekies
1,uitnodiging
1,verbygehardloop
1,koe
1,knorrige
1,knorrig
1,knope
1,knip-oog
1,knibbel
1,knap
1,klop-klop
1,manyatta
1,rooibloedselle
1,klokkie
1,rook
1,klippe
1,redelike
1,tien
1,verde
1,klien
1,marshak
1,rote
1,mathieson
1,verdedig
1,kleipot
1,kleintjie
1,matriek
1,mavinga
1,rou
1,maya
1,kleine
1,verdeel
1,mbala
1,klapklap
1,klap-klap
1,verdere
1,klanke
1,mededeelsaam
1,klam
1,redding
1,rugslag
1,kitaar
1,verdrink
1,mee
1,king
1,verdwaal
1,kinderjare
1,verdwyn
1,kikker
1,kies
1,kieme
1,ruik
1,verenigde
1,kerk
1,uitkring
1,ter
1,kennis
1,keniane
1,tente
1,rukking
1,rumao
1,katunga
1,kattekwaad
1,vergewe
1,kas
1,karakter
1,kappie
1,meilies
1,uithouvermoë
1,kans
1,verhoed
1,reaksie
1,kameelperde
1,rasper
1,uitgeval
1,kam
1,kalbas
1,melaatsheid
1,per
1,kabels
1,kaamungei
1,rusbank
1,juweel
1,ruspe
1,verkeerskonstabel
1,verkyker
1,jouself
1,uitgestrekte
1,rustige
1,meneputo
1,jonger
1,verlangse
1,johannesburg
1,joao
1,jinja
1,jessica
1,teminste
1,uitgestraal
1,jaloesie
1,mensdom
1,uitgeskeer
1,rykdom
1,verlief
1,rykste
1,jade
1,ryp
1,uitgereik
1,rëen
1,rûe
1,verligting
1,verloorder
1,ir
1,metode
1,intussen
1,instruksies
1,instituut
1,mev
1,insluimer
1,uitgeput
1,inkomste
1,inkom
1,ingewas
1,ingewag
1,ingespring
1,mia
1,rapporteer
1,saadjies
1,ingeneem
1,ingeklim
1,ingehardloop
1,ingegaan
1,middel
1,industrie
1,televisie
1,middelvoet
1,indien
1,indian
1,mielielande
1,impalas
1,uitgeloer
1,saamgespan
1,illustrasies
1,vernietig
1,vernoem
1,identiteit
1,saamgestem
1,i
1,miljoene
1,hyg
1,rammel
1,radio
1,huurmotor
1,huuis
1,minder
1,hulself
1,hulpvolle
1,raas
1,verrot
1,versadig
1,huiwering
1,sag
1,miss
1,huistake
1,huisloos
1,huishulp
1,huishoudelike
1,mite
1,versigtig
1,verskillend
1,miwa
1,mnaunga
1,sake
1,how
1,verskoning
1,verskriklik
1,uitgekom
1,modder
1,samcuia
1,hoopvol
1,moe
1,samesyn
1,verskyning
1,versoek
1,hoofstad
1,hoofmeisie
1,moed
1,tiere
1,versper
1,honderde
1,sang
1,verspot
1,sangoma
1,verspreiding
1,hoewel
1,hoewe
1,uitgehardloop
1,hoes
1,saterdag
1,satsiri
1,verstaar
1,versterk
1,pyle
1,hoed
1,verstom
1,vertaal
1,say
1,hitte
1,hiernatoe
1,hierdier
1,verteer
1,hierde
1,vertelling
1,hey
1,heuwels
1,vervoer
1,heup
1,vervoermiddels
1,herken
1,herinner
1,herhinner
1,vervolg
1,put
1,teenwoordigheid
1,teenstander
1,verwag
1,uitgedink
1,verwante
1,teenoorgestelde
1,helderheid
1,helderder
1,seekoeie
1,held
1,seep
1,heirdie
1,hegtenis
1,uitgebreide
1,uitgebreek
1,verward
1,moeë
1,teenoor
1,provinsie
1,hase
1,mombasa
1,seremonie
1,harmonie
1,taylor
1,hardwerkende
1,hardwerkend
1,vinger
1,tanzaniërs
1,sewe-jarige
1,mond-tot-mond
1,hanteer
1,hange
1,tannies
1,hane
1,handvastel
1,handsak
1,handjies
1,siektes
1,handdoeke
1,monique
1,uiteiendelik
1,mooier
1,hael
1,haastig
1,tandepasta
1,siening
1,projekte
1,morsige
1,visse
1,visser
1,uitbeeld
1,gulsig
1,uitbars
1,grou
1,visvang
1,siens
1,motreën
1,visvangnet
1,vitamiene
1,groet
1,groepie
1,groep
1,groentewinkel
1,groentetuin
1,vlak
1,vlakkant
1,proes
1,gretig
1,gratis
1,grasdak
1,vlaktes
1,grappie
1,grap
1,tand
1,mtonyama's
1,goue
1,simo
1,goose
1,goor
1,vlammetjie
1,talent
1,goes
1,vleg
1,goedere
1,singend
1,god
1,tale
1,glip
1,siriene
1,vlerkies
1,glas
1,sirkels
1,sis
1,gister
1,gil
1,gi
1,sisters
1,geëindig
1,vleuel
1,gewys
1,vlieë
1,gewoonlik
1,vlieënde
1,situasie
1,gewild
1,vlinders
1,gewer
1,muis
1,sjoe
1,skade
1,muizenberg
1,gewees
1,gewasse
1,skep
1,skepe
1,takies
1,ugandese
1,vloeiende
1,gevou
1,gevorm
1,skielike
1,vlymskerp
1,musikante
1,gevlegde
1,skiet
1,geverfte
1,geveerde
1,voer
1,voertuie
1,voertuig
1,muvule
1,gevaar
1,getrou
1,getreur
1,u
1,getrap
1,getjank
1,getel
1,get
1,skilders
1,tȇ
1,myself
1,gesukkel
1,voetspore
1,produksies
1,gestraal
1,gestorm
1,tye
1,gestoot
1,gestoor
1,gestig
1,tydperk
1,probleme
1,tydjie
1,skildery
1,naboots
1,vokale
1,gespin
1,skilpaaie
1,gesond
1,gesoek
1,gesny
1,gesnork
1,gesmelte
1,gesmelt
1,take
1,gesluk
1,tip-tip-tip
1,geslag
1,tweede
1,skitterende
1,tvaanbieder
1,geskyn
1,geskud
1,geskryf
1,geskreeu
1,naels
1,geskraap
1,tipe
1,skoenie
1,geskiet
1,geskeur
1,tv
1,prinses
1,naminya
1,gesinne
1,pret
1,syn
1,volwasse
1,naro
1,geseën
1,geseil
1,nasie
1,skoolboeke
1,gesak
1,gery
1,tussen
1,gereën
1,gereis
1,gereeld
1,skooldae
1,natuur
1,geraas
1,naweke
1,geproe
1,voorgegee
1,gepluk
1,gepleit
1,skoonfamilie
1,gepla
1,georganiseer
1,prestasie
1,nederig
1,nederige
1,president
1,neefs
1,tuoi
1,pratham
1,neersit
1,gemaklik
1,voorkop
1,gelê
1,nege
1,gely
1,gelukkiger
1,gelukkige
1,prater
1,gelukige
1,gelukig
1,tumi
1,skoonheidskompetisies
1,nerens
1,skoonheidskoningin
1,gelui
1,skoot
1,voorouers
1,geloof
1,geloer
1,gelig
1,voorreg
1,gelewe
1,gelei
1,gelees
1,voort
1,geleentheid
1,tippe
1,titu
1,voortgegaan
1,netjies
1,skouer
1,vooruit
1,gekroon
1,gekrap
1,gekraakte
1,pow
1,tuisland
1,nharo
1,geknoop
1,vorms
1,geklap
1,gekla
1,nicola
1,gekielie
1,geken
1,gekapte
1,gekam
1,gejuig
1,gejag
1,gejaag
1,geinterpreteer
1,skriftelike
1,skud
1,gehoorsaam
1,nigeriërs
1,tjir
1,skuil
1,skuilplek
1,nir
1,skuld
1,gegryp
1,gegrom
1,swemmers
1,gegooi
1,gegons
1,nobel
1,slaaptyd
1,positiewe
1,vreedsame
1,gefluister
1,tswana
1,trust
1,nonkung
1,slag
1,vreemdelinge
1,troue
1,geduldig
1,gedrink
1,gedraai
1,vrees
1,vreesliks
1,vreet
1,gedien
1,nonkungu's
1,populêrste
1,slakke
1,gebêre
1,gebyt
1,vreugde
1,noord-kaap
1,swartbessie
1,slap
1,slaperige
1,geboë
1,gebou
1,gebots
1,noordwyk
1,geboorte
1,vriendskap
1,nors
1,sleutel
1,vrienskap
1,notisie
1,sluimer
1,geag
1,trotste
1,now
1,gaps
1,gan
1,game
1,gahad
1,ntombi
1,gaans
1,vroulike
1,gaaf
1,fyner
1,fyn
1,forseer
1,folktale
1,fluitjie
1,pootjies
1,nuuskierig
1,flikker
1,nuuskierigheid
1,nuut
1,fees
1,fantastiese
1,familielid
1,familielewe
1,slurp
1,poorte
1,eweskielik
1,vrydae
1,trop
1,nyl
1,ervare
1,smaak
1,ernstige
1,poort
1,erger
1,episodes
1,entjie
1,enigste
1,vrye
1,nêrens
1,smaaklik
1,oeroue
1,vrygewendheid
1,elk
1,elizabeth
1,eliania
1,vrygewig
1,oerwoud
1,vrywilligers
1,eis
1,smal
1,smeek
1,trompetter
1,eienaars
1,vuiste
1,oggende
1,vul
1,egter
1,egpaar
1,effens
1,vullisblik
1,snags
1,snak
1,ogies
1,eenvoudig
1,vurk
1,troeteldiere
1,plessis
1,vyand
1,olifante
1,snuif-snuif
1,ee
1,trip
1,vyande
1,sny
1,dwarsdeur
1,dwaas
1,duur
1,dus
1,treknet
1,duisendpote
1,duikpakke
1,swaer
1,duidelik
1,du
1,dryfkragte
1,omdie
1,drup-drup
1,swaarkry
1,omdraai
1,omgegee
1,swaarder
1,soekend
1,drome
1,droe
1,soen
1,driehoek
1,omgekom
1,dribbel
1,omgewing
1,draadkar
1,w
1,dr
1,dors
1,omheining
1,waaar
1,dorpenaar
1,sokkerveld
1,platgeval
1,omtrent
1,on
1,doodreg
1,trein
1,sokkerwedstryd
1,waardevol
1,donkerte
1,onderdeur
1,donderweer
1,donderdae
1,onderstebo
1,plat
1,dogters
1,waarin
1,onderwysers
1,doelwagter
1,doelskoppe
1,plase
1,doele
1,sussies
1,doek
1,djaba
1,dié
1,waarna
1,waarop
1,dinsdae
1,waarsku
1,waarskynlik
1,sonlig
1,sonsondergang
1,dikuango
1,dik
1,digitaal
1,soontoe
1,waaruit
1,waarvan
1,soortgelyke
1,ongeskik
1,ongeveer
1,diefstal
1,dief
1,waarvoor
1,deurmekaar
1,waat
1,deuntjie
1,derder
1,derde
1,denke
1,wagte
1,demonstrasie
1,onmiddelik
1,de
1,onnoselheid
1,darem
1,sosiale
1,surfer's
1,dansende
1,sout
1,sowel
1,onregverdige
1,wanner
1,wapper
1,waste
1,dakke
1,dak
1,dagbreek
1,waterpoele
1,waters
1,dadlik
1,onryp
1,daarvoor
1,watse
1,daarrond
1,tredoux
1,spandeer
1,spattend
1,ontbreek
1,ontlok
1,speeksel
1,daarbo
1,daaraan
1,web
1,trappe
1,daa
1,plant
1,ontsluit
1,comes
1,collection
1,claudia
1,christine
1,ontsnapping
1,cgase
1,ontsteld
1,cathy
1,carimbwe
1,byt
1,bymekaar
1,bygegooi
1,byekorf
1,ontwarren
1,bydra
1,oogie
1,buys
1,busbestuurder
1,bus
1,burgermeester
1,speler
1,speletjie
1,wedstryde
1,bui
1,buffel
1,budongo
1,plaag
1,super
1,spesifieke
1,spiel
1,brood
1,spiere
1,oomblik
1,weerdig
1,briljante
1,briljant
1,briesie
1,brierf
1,spieël
1,breë
1,breek
1,ooms
1,pik
1,brandeplanke
1,spinasie
1,oopgemaak
1,spoedig
1,transformator
1,botterskorsie
1,bottel
1,botswana
1,bote
1,weeskinders
1,borsel
1,spoeg
1,spoel
1,boord
1,boopry
1,boontoe
1,boomplantasies
1,weggegaan
1,books
1,boodskap
1,ooreengekom
1,bone
1,spore
1,weggekruip
1,weggeloop
1,weggery
1,bohaai
1,boewe
1,oorgegee
1,oorhang
1,boere
1,boerdery
1,oorkant
1,weggeswem
1,suksesvolle
1,weghardloop
1,piesangblaar
1,oorsprong
1,blêr
1,blyk
1,blydskap
1,springtou
1,oorspronklike
1,blommekransie
1,wegstap
1,sprong
1,blits
1,blinkende
1,spyker
1,spyte
1,suksesvol
1,blaauw
1,oortuig
1,bitter
1,birds
1,oorval
1,suider-afrikaanse
1,binnekamer
1,binne-in
1,oos-afrika
1,wenne
1,piep
1,suidelike
1,stafvas
1,beweging
1,stam
1,bewe
1,bewaring
1,bewaar
1,bevind
1,beveel
1,opdaag
1,betrokke
1,werklik
1,beteken
1,opgeeïndig
1,stamme
1,opgegee
1,opgehelder
1,regte
1,bespreek
1,what
1,whoosh
1,beskryf
1,stel
1,opgehewe
1,besigheidsvrou
1,opgeklim
1,besige
1,opgekyk
1,opgepas
1,opgery
1,beroep
1,beroemdste
1,wiele
1,suid-soedan
1,wilde
1,beraam
1,opgestel
1,bepaal
1,beoordeeling
1,wildebeeste
1,ophelder
1,belowe
1,beleggings
1,belangrikste
1,belangrike
1,bekostig
1,bekommerde
1,stere
1,bekommer
1,beker
1,bekende
1,bekend
1,ophou
1,towerende
1,will
1,behoorlik
1,oppervlak
1,behandel
1,suid-afrikaners
1,begrawe
1,begrafnis
1,wille
1,begeerte
1,bega
1,sterkte
1,sug
1,beesmis
1,been
1,opskop
1,beeldskone
1,bedrieër
1,bedoel
1,windstil
1,sterte
1,optimisme
1,winkel
1,beantwoord
1,wiskunde
1,basetsans
1,opwarm
1,persoon
1,balle
1,baljaar
1,balanseer
1,woedende
1,stertvere
1,woensdae
1,towenaar
1,stewels
1,babbel
1,organisasies
1,babaseuntjie
1,stiefma
1,woerts
1,baas
1,baard
1,baadjie
1,otamenhaibuga
1,avonture
1,persone
1,aspris
1,asook
1,asem
1,stik
1,asb
1,wol
1,arts
1,art
1,perongeluk
1,oudstes
1,sufiya
1,armoede
1,wollerige
1,stilte
1,argief
1,ouens
1,appelboom
1,appel
1,apies
1,wonderlike
1,top
1,anna
1,ouma's
1,angs
1,angola
1,perfekte
1,woord
1,oupa's
1,ananzi
1,stukkend
1,storieborde
1,amerikaanse
1,oupagrootjie
1,ambulans
1,wortels
1,storiekas
1,altesaam
1,tog
1,toerusting
1,woude
1,perdeby
1,allerhande
1,paddas
1,padjies
1,storieverteller
1,alfabet
1,storm
1,wye
1,stort
1,storte
1,ai
1,straal
1,agterlaat
1,agtergelaat
1,agtergekom
1,xhosa
1,agt
1,strale
1,paleis
1,streel
1,afrigter
1,afklim
1,afhaal
1,afgewas
1,afgeval
1,afgeskeer
1,toegemaak
1,afgekap
1,afgehaal
1,afgee
1,afgedrai
1,toekennings
1,afgaan
1,afbetaal
1,y
1,aeei
1,pappa's
1,z-zip
1,aasvorël
1,zama
1,aartappels
1,zanele
1,aanvaar
1,aansluit
1,aansit
1,aansi
1,aankondig
1,toegesluit
1,streng
1,aanhoor
1,pas
1,aangeteken
1,aangestap
1,aangesluit
1,pasop
1,aangeneem
1,aangemoedig
1,zebra
1,strepe
1,aangehardloop
1,strom
1,aangebreek
1,patrone
1,stuif
1,stroomloop
1,aandagtig
1,zebras
1,aanblaas
1,peacock
1,aaklig
1,zzip
1,student
