freq,word
366,ta
286,da
125,ya
103,sai
99,ba
97,yi
95,na
80,kuma
68,ma
62,ji
60,cikin
57,in
55,ni
53,wata
53,wani
48,ce
46,tana
41,don
39,za
36,sun
35,amma
35,ga
34,ina
31,ne
31,tselane
30,mai
28,suka
27,wannan
26,a
26,ko
25,lokacin
25,su
25,take
24,kaka
24,shi
23,yake
22,yana
22,mulongo
21,mata
21,ka
19,ban
19,ita
19,tafi
19,shanshani
19,kai
19,daɗi
18,mi
18,ƙato
18,fara
18,rana
18,ki
17,kaza
17,daga
17,kayanga
17,idi
16,ɗiyata
16,nan
16,suna
16,tafiya
15,duk
15,babban
15,zo
15,bayan
15,saman
15,kamar
14,ruwan
14,mini
14,tare
14,ci
14,je
14,akwai
14,aifiyarta
14,fito
14,mukhwana
13,jin
13,akai
13,har
13,gida
13,biyu
13,ruwa
13,iya
13,ɗaya
12,abin
12,kuka
12,ƙwarai
12,haka
12,biskitin
12,son
12,mu
11,garin
11,sandar
11,jinjirin
11,maza
11,fi
11,masu
11,aifiyar
11,ku
11,bakin
10,ƴar
10,bisan
10,wajen
10,koma
9,ayaba
9,can
9,ganin
9,auren
9,mamata
9,sani
9,kullum
9,idan
9,saniya
9,ƴan
9,itace
9,yin
9,ɗauki
9,giwa
8,inda
8,sha
8,buɗe
8,faɗa
8,waƙa
8,dare
8,hanya
8,kyauta
8,halima
8,amsa
8,ɗan
8,namukhaywa
8,gudu
8,abincinki
8,bi
8,gari
8,ƙofar
8,babu
8,ƙanwar
7,babbar
7,yawa
7,suke
7,kyau
7,san
7,mishi
7,uwar
7,so
7,gaba
7,saka
7,ƙwan
7,nafisa
7,ciyawar
7,tsofuwar
7,aka
7,kama
7,bar
7,lokaci
7,mamaki
7,mutum
7,waƙar
7,ƙwallon
7,gidan
7,icce
7,ƙanwata
7,saniyar
7,wuri
7,ɗiyan
7,daji
6,ja
6,allah
6,wurin
6,ƙara
6,ake
6,yadda
6,faɗi
6,ayabar
6,mamakin
6,aifi
6,wasu
6,muryar
6,tashi
6,tun
6,kuren
6,tabarmar
6,zafi
6,neman
6,kado
6,tabkin
6,giwar
6,zama
6,barci
6,kar
6,abinci
6,an
6,riƙe
5,kike
5,kaɗai
5,zan
5,kwandon
5,abincin
5,gaya
5,tabki
5,guda
5,mutane
5,sake
5,uwarta
5,cirar
5,namiji
5,sama
5,mine
5,daɗin
5,kasuwa
5,abu
5,samu
5,kurayen
5,tururuwa
5,dubi
5,habjiyar
5,wasan
5,gane
5,tawa
5,nakitto
5,ƙanwarka
5,sosai
5,ɗakin
5,yanzu
5,ranar
5,wuce
5,sanya
5,kiranyo
5,mutanen
5,kin
5,ɗiya
5,wanan
5,rayuwa
5,sauran
5,tselana
4,tunani
4,mace
4,ɗaki
4,ɓoye
4,ɗa
4,cewa
4,shanshanin
4,ƙwallo
4,fashe
4,murya
4,kira
4,ƙaramar
4,hanyar
4,ke
4,kaɗan
4,yaran
4,hannu
4,komi
4,yarinya
4,aifanta
4,dutsi
4,gamu
4,taɓa
4,washe
4,kawo
4,rera
4,zuwa
4,jirgin
4,tururuwar
4,kasuwar
4,tari
4,dawo
4,niyyar
4,gano
4,gyanɗamar
4,ganyen
4,tantita
4,bai
4,kusa
4,cinye
4,garinsu
4,sunan
4,gyanɗama
4,nisa
4,saida
4,tabarma
4,kwana
4,wa
4,lafiya
4,kwando
4,sa
4,kana
4,zamna
4,ana
4,dama
3,sawde
3,girma
3,gidanshi
3,ƙwari
3,ƙofa
3,giyar
3,maraice
3,miki
3,abokananta
3,aifiyata
3,gayyaci
3,gaugawa
3,muka
3,makaranta
3,mun
3,maji
3,tambayar
3,tambaye
3,magina
3,amfani
3,murna
3,ƙarami
3,ƙamshi
3,aurenta
3,mutu
3,ɓace
3,nake
3,tarda
3,zuba
3,zai
3,barin
3,gan
3,gaji
3,gaban
3,to
3,kuwa
3,yunwa
3,bikin
3,hanci
3,hancin
3,yaya
3,biskiti
3,hankaka
3,hankali
3,ɗauke
3,kuraye
3,yau
3,futa
3,budurwa
3,shekaru
3,kowace
3,hanyarshi
3,kowa
3,fasa
3,shawa
3,harba
3,komo
3,hassala
3,bula
3,komawa
3,yanka
3,haɗu
3,wutar
3,cika
3,iccen
3,farko
3,rishin
3,rosa
3,cin
3,gidanta
3,ciyawa
3,karya
3,ɗebo
3,dai
3,damu
3,waje
3,farin
3,saboda
3,safe
3,kakarta
3,uwayenta
3,uwata
3,tsoro
3,samari
3,samarin
3,dutsin
3,ɗauko
2,dubara
2,tuffar
2,sanda
2,jira
2,tunanin
2,dufu
2,samun
2,tsuntsun
2,juya
2,tsuntsu
2,tsoron
2,sannu
2,dogon
2,uwanta
2,dauɗa
2,ɗakinta
2,saki
2,tsofuyar
2,sakainin
2,dauri
2,duwatsu
2,kakar
2,janyo
2,duƙo
2,kake
2,sabon
2,e
2,kakuma
2,kalli
2,itacen
2,tselani
2,kamata
2,sabbin
2,ɗanɗana
2,sauri
2,ƙwanƙwanto
2,karatu
2,iso
2,wanke
2,iske
2,kashe
2,ingozama
2,wasa
2,cikinta
2,kawoma
2,ruga
2,rufe
2,kaya
2,farka
2,rogo
2,roba
2,washe-gari
2,ɗibar
2,ido
2,ciki
2,rijiya
2,cike
2,tsawon
2,keke
2,reshen
2,kenan
2,wuni
2,ceci
2,kika
2,cece
2,tsawo
2,yakwa
2,kina
2,burkutu
2,kiran
2,hawo
2,kirki
2,bulaguron
2,yara
2,yarda
2,hatsi
2,shan
2,tsaron
2,hanyarta
2,rai
2,fiddo
2,raga
2,yarinyar
2,tsakaninsu
2,hannuna
2,ɗaga
2,shidda
2,yawan
2,kure
2,hango
2,shinkori
2,shiru
2,shirya
2,nina
2,kusan
2,ƴaƴan
2,nesa
2,hamada
2,zabura
2,haki
2,nebebula
2,kwanaki
2,ndong
2,kwance
2,tattara
2,bari
2,kwanta
2,zamne
2,bakwai
2,kwantar
2,bakinta
2,gani
2,babanta
2,babanshi
2,habjiya
2,kyautar
2,babanka
2,suma
2,mutuwa
2,labarin
2,ƙafa
2,gyanɗamarta
2,babana
2,tarbe
2,tanti
2,laɓe
2,arziki
2,muryarshi
2,ƙanwarta
2,ɗiyarta
2,garkar
2,gasa
2,amfanin
2,gwada
2,guntun
2,maida
2,goyi
2,tambaya
2,maka
2,gatarinshi
2,akuya
2,ƙarƙashin
2,muke
2,tabarmarta
2,mugun
2,aike
2,gola
2,maman
2,miƙo
2,miƙa
2,abun
2,mita
2,ƙera
2,abubuwa
2,godiya
2,gemu
2,mijinta
2,gode
2,taguwa
2,masumman
2,matarshi
2,abokai
2,matso
1,jan
1,matsu
1,maye
1,mazamnin
1,matar
1,matan
1,ɓangaren
1,maƙogoron
1,ɓadda
1,masarori
1,marmaro
1,maraya
1,maras
1,micizai
1,miyagun
1,mota
1,motar
1,mukhawana
1,malama
1,makiyayin
1,makiyayi
1,makhwana
1,ɓacin
1,mulongoke
1,muna
1,maimakon
1,mungo
1,ɓata
1,mahimmanci
1,mahaifiyarshi
1,mahaifanka
1,mahaifan
1,maginan
1,muno
1,maganganun
1,magana
1,mafarkin
1,macizai
1,murmushi
1,maccen
1,murmushina
1,lura
1,lungu
1,murnar
1,muryata
1,littattafai
1,litinin
1,lemun
1,lemu
1,musaman
1,launin
1,lau
1,mussa
1,mutumen
1,naka
1,naki
1,naman
1,kyakyawan
1,kyakkyawar
1,kwashe
1,namijin
1,nana
1,kwaninta
1,nasarar
1,nashi
1,nata
1,ɓa
1,nemi
1,kuɗin
1,nemo
1,kuturta
1,nike
1,nisan
1,kurmi
1,kurkurar
1,nono
1,kurege
1,nonon
1,nufi
1,nunannan
1,kurar
1,kura
1,kunnen
1,kunna
1,kunamu
1,kuna
1,kumanta
1,omukhana
1,omunwa
1,kula
1,kukan
1,omusiani
1,kujera
1,kuje
1,kubce
1,rabu
1,rage
1,rak
1,koshiya
1,korar
1,kopi
1,raka
1,ramamman
1,ran
1,ranan
1,kokoyon
1,koda
1,ɗaka
1,kiyon
1,kiyaye
1,kiyar
1,ranta
1,kirayo
1,kiraye
1,rasu
1,rasuwar
1,ratsa
1,kingin
1,rawa
1,raya
1,kimotsa
1,rayukka
1,raƙumin
1,raɗama
1,khulwanda
1,kewayeta
1,kewayenta
1,kewayen
1,kewaye
1,ƙuda
1,kekenshi
1,reshinen
1,riga
1,rigata
1,rijiyar
1,kazar
1,riƙeta
1,ɗakinshi
1,kayan
1,roƙe
1,rugo
1,kawoka
1,rumfa
1,kaushun
1,rumfuna
1,rungume
1,kashedi
1,rungumi
1,kasa
1,karɓa
1,ruyuwa
1,karkandam
1,kariye
1,kareta
1,karen
1,kare
1,ruyuwarshi
1,kara
1,sa-ni
1,kanta
1,saba
1,kan
1,kammalu
1,kambacin
1,sabida
1,sabka
1,sabkar
1,kallon
1,kallo
1,sabko
1,saboba
1,kako
1,kaki
1,sabuwar
1,kakata
1,safiya
1,ƴannan
1,ɗakinsu
1,kaita
1,kaina
1,kaima
1,salla
1,kadon
1,sallama
1,kada
1,kabarin
1,kaba
1,same
1,samo
1,jujjuyawa
1,samunta
1,jirgi
1,jirayeni
1,jiraye
1,sananniya
1,sanin
1,jinjiri
1,sanyayen
1,jimawa
1,jikoki
1,jikinta
1,jiki
1,jikata
1,jikarta
1,ɗanshi
1,jefa
1,sanye
1,jaririn
1,sarmayin
1,matuƙa
1,satar
1,iyindi
1,iyeyi
1,iyalenmu
1,saura
1,itatuwa
1,saurare
1,saurayi
1,sauren
1,sautin
1,isko
1,sauya
1,iska
1,iri-iri
1,inji
1,ingozoma
1,ingozamar
1,sawu
1,sawunta
1,inata
1,ɗanɗanon
1,ɗanɗanonshi
1,ilimi
1,ihu
1,idonta
1,saya
1,ɗashin
1,idar
1,idanunki
1,idanunka
1,idanuna
1,idanu
1,sayan
1,sayi
1,saƙa
1,hure
1,hudu
1,hotuna
1,hoda
1,hira
1,shagalin
1,haɗiye
1,haɗa
1,shaidar
1,haushin
1,haushe
1,shairi
1,hatsari
1,ƴanda
1,haskawa
1,haruffa
1,harbi
1,shanye
1,shawara
1,hanƙuri
1,hanyoyi
1,shaƙo
1,shekara
1,shekarar
1,shekarunka
1,hantsi
1,hannuyanta
1,hannunka
1,shida
1,hannun
1,shiga
1,shigowa
1,shimfiɗe
1,shine
1,hancinshi
1,hancina
1,shiri
1,shirin
1,sirikaina
1,ƙwauna
1,sufara
1,hakan
1,ƙwaryar
1,haifuwar
1,haifuwa
1,hagun
1,hadiye
1,sukari
1,sulɓi
1,habjia
1,gyaɗanmar
1,gyaɗanma
1,gyatsa
1,gyarawa
1,sumbace
1,ƙwarya
1,sunana
1,gyandamar
1,gwiwar
1,gwaninta
1,gwaiba
1,gwadawa
1,sunanka
1,gurnani
1,susar
1,gulugulu
1,gulma
1,suseti
1,suwa
1,ƙwarirrika
1,goma
1,tafasa
1,goje
1,ƙwarin
1,tafiyar
1,gobe
1,tafiyata
1,giya
1,taimake
1,taka
1,gishiri
1,girmanshi
1,girman
1,takaici
1,gina
1,takalmi
1,gidansu
1,takan
1,gidanmu
1,gidana
1,takara
1,takarar
1,ggyanɗamar
1,talauci
1,gaɓar
1,gayyata
1,tamabayar
1,tamabaye
1,gaugawar
1,tamabayi
1,tamabayoyi
1,gaskiyarshi
1,gaskiya
1,gaske
1,tambayeta
1,tambayi
1,garka
1,garinta
1,tambayoyi
1,tambayoyin
1,ƙwararar
1,gargaɗi
1,gargadi
1,tararda
1,tarbo
1,ganinsu
1,tashar
1,tata
1,tattare
1,tawaye
1,teku
1,gama
1,gajiya
1,temakawa
1,gajerta
1,gaida
1,gafin
1,gadonshi
1,gado
1,tilip
1,tokarawa
1,tsakani
1,tsakanin
1,fura
1,fiye
1,fitta
1,fitowa
1,tsakar
1,fitila
1,fiskarta
1,fiskanci
1,firgita
1,fira
1,filin
1,tsakiyar
1,tsakkuwa
1,faɗo
1,faɗin
1,tsalaka
1,tsalo
1,fatan
1,tsanwa
1,tsare
1,faruwa
1,faru
1,farkon
1,tsaya
1,tsayawa
1,tselena
1,farar
1,tsere
1,fake
1,fa
1,elunyiko
1,tsini
1,tsofon
1,tsofuwa
1,tsufa
1,tufafinka
1,dum
1,dukkan
1,duka
1,tuffa
1,tura
1,dubu
1,turawa
1,tuwon
1,duba
1,dorina
1,ukku
1,doguwa
1,umurnin
1,diyarsu
1,uwa
1,ɗaura
1,dayo
1,dayawa
1,uwana
1,dawa
1,uwarshi
1,uwayensu
1,darussa
1,dariya
1,daren
1,wacen
1,darajjanta
1,dankalin
1,dankali
1,damuwarta
1,damuwa
1,walima
1,damar
1,walimar
1,dakata
1,daka
1,dajin
1,walƙiya
1,daidaia
1,wancen
1,wanda
1,dabba
1,daban
1,dabamdabam
1,wandan
1,ciyuwa
1,wanna
1,ƙwanwarshi
1,ciwon
1,ciro
1,wannun
1,ciran
1,wari
1,warin
1,cimmaku
1,cimma
1,cimaka
1,cikon
1,wash
1,cikinsu
1,wato
1,wayo
1,waƙarta
1,wefwe
1,cije
1,wucewa
1,wulaƙanta
1,ceton
1,wup
1,wuta
1,wuya
1,canye
1,yafaru
1,yakhupa
1,buƙata
1,bushiya
1,bushe
1,busasu
1,burkutun
1,ƙwalga
1,burkuntun
1,yanki
1,yarin
1,bukatar
1,bukata
1,buhun
1,buhu
1,bugun
1,buga
1,budurwar
1,yaro
1,budongo
1,bu
1,bori
1,bokananta
1,bobowa
1,yarona
1,biyo
1,biyar
1,yaushe
1,yawon
1,bisasshen
1,yaƙar
1,yaɓaci
1,ƙwai
1,baƙin-ciki
1,bazara
1,bayyanama
1,bayanshi
1,ƙurajen
1,baya
1,bata
1,basu
1,barulaka
1,zagayowar
1,zaki
1,bargo
1,barera
1,zaman
1,barbazu
1,zamanto
1,bani
1,zamu
1,zata
1,zauna
1,bakina
1,zayarar
1,zaƙi
1,bada
1,ziyara
1,zuciya
1,zumuncinsu
1,babba
1,babar
1,zuwana
1,ƙa
1,ƙabarin
1,ƙafafunki
1,baba
1,ɗiyarmu
1,azirinki
1,aza
1,ƙafar
1,ƙafonka
1,awakin
1,auri
1,ƙalƙashin
1,ƙamshin
1,aura
1,attishewa
1,ashe
1,arzikin
1,ƙananan
1,arzika
1,ar
1,angaje
1,ƙanena
1,ƙannu
1,ƙannuwan
1,amman
1,ƙaramci
1,ƙare
1,ƙarfi
1,ƙarfinshi
1,alkwalin
1,albishir
1,alama
1,ƙarfinta
1,akwa
1,ƙarshe
1,ƙarshen
1,ƙasa
1,ƙasar
1,ajiye
1,aji
1,aiko
1,aikin
1,ƙasusuwa
1,aika
1,aifuwar
1,ƙuraje
1,ƙaton
1,ƙatti
1,aifiya
1,aifina
1,aifin
1,aifiayar
1,ƙaura
1,ƙauyen
1,agaje
1,addanci
1,ƙaya
1,ƙi
1,ƙirma
1,abokiyarta
1,ƙishirwa
1,ƙofarshi
1,abinda
1,abincinta
1,abincinshi
1,abincinmu
1,ƙofarta
1,abincina
1,ƙota
1,abincika
1,ƙoƙarin
1,ƙoƙarinta
1,a-ci-daƙofato
1,a-ci-da-kofato
1,reshe
