freq,word
16,oo
11,atabo
10,ay
10,ku
8,waxeey
8,hooyadii
8,uu
7,waraabihii
7,lakin
6,si
5,ayuu
5,soo
5,waa
5,ka
4,kasoo
4,kale
4,waxuu
4,ayee
4,tiri
4,ayaa
4,kuu
4,isku
4,ugu
4,jiray
4,taqsi
3,dayay
3,dhagaxii
3,dhan
3,dambeestii
3,albaabkii
3,inuu
3,in
3,laqay
3,heeso
3,jirtay
3,heestii
3,uheestay
2,aad
2,uga
2,hadana
2,guriga
2,furmin
2,furin
2,timaado
2,timaaday
2,wabiga
2,eey
2,markii
2,waxa
2,heestan
2,dhagaxa
2,dabkii
2,kadib
2,kadibna
2,cunay
2,booday
2,ke
2,koku
2,banaanka
2,aye
2,xayawaanadii
2,albaabka
2,akiru
2,na
2,meeshii
2,ma
2,dhagay
1,marki
1,markeey
1,markale
1,markaan
1,marwalbo
1,lka
1,lasoo
1,laqdaa
1,nachirima
1,nakim
1,lagama
1,laga
1,laabanayeen
1,la
1,nasteen
1,ngakon
1,ooysay
1,kile
1,keeno
1,saaid
1,sameenayaa
1,kalio
1,sameesay
1,kainak
1,seenta
1,sheego
1,kaco
1,kaaga
1,shiday
1,joogta
1,siin
1,tangarae
1,iyo
1,iskugu
1,taxluujiyay
1,iridka
1,totokonia
1,ucararay
1,imaado
1,ilaa
1,ikon
1,iga
1,i
1,hoyadii
1,udhuuman
1,uheesto
1,uheeyseen
1,heestaan
1,heesta
1,uqaaday
1,heesi
1,hees
1,hareersan
1,hal
1,haka
1,uqaadi
1,gurigii
1,usameesay
1,gubatay
1,gubanayaa
1,gir
1,gi
1,gali
1,gaaro
1,gaaray
1,furto
1,usoo
1,furmay
1,waan
1,furi
1,fog
1,fican
1,ekena
1,waligaa
1,duur
1,difaaco
1,dhooniga
1,dhax
1,waraabe
1,dhaheen
1,dhageesan
1,waraabihi
1,waraabihiina
1,waxaad
1,dhagax
1,dhacayaa
1,dhacay
1,dhaansadaan
1,deerkii
1,deer
1,waxaan
1,dawaco
1,dawacadii
1,waxbo
1,waxey
1,dabki
1,dabkaan
1,dabacadii
1,dab
1,cunto
1,cuntada
1,waxuuna
1,cid
1,chi
1,boodeen
1,weeyn
1,biyo
1,barto
1,weeynaa
1,bala
1,weyn
1,wuu
1,wuxuu
1,xanuun
1,xayawaanada
1,xayawaanadi
1,ata
1,aragtay
1,anikanyamit
1,xayawaanihii
1,xayawaankii
1,albaab
1,ya
1,ahaa
1,ah
1,achakakin
1,aan
1,aado
1,aadeen
1,aaday
1,yeertay
