freq,word
207,a
143,le
110,o
109,ba
100,ho
98,oa
97,ea
80,ka
62,hae
60,tselane
60,eaba
58,ke
45,hore
42,ha
38,e
34,ne
30,re
26,bona
26,mokopu
26,nonkungu
25,me
24,limo
21,tsa
20,malebeche
20,haholo
19,la
19,imbulu
19,empa
18,ngoanake
17,se
16,moo
15,oile
15,m'e
15,bane
15,mo
14,mtonyama
14,tse
13,sa
13,ngoanana
13,li
13,ena
12,tloha
12,bina
12,pina
12,hape
11,mose
11,hobane
10,maneo
10,batsoali
10,eare
10,na
10,bana
10,lula
10,ene
10,leleng
10,mono
9,metsi
9,bo
9,leng
9,nako
9,nkhono
9,be
9,lentsoe
9,fihla
9,mong
9,baea
9,tjale
9,monate
9,joalo
8,utloa
8,ele
8,emong
8,teng
8,motseng
8,tla
8,mona
8,lijo
8,hoseng
8,nka
7,line
7,ile
7,nkanka
7,mang
7,letsatsi
7,kae
7,nokeng
7,noa
7,kopa
7,rangoane
7,kantle
7,tsamaea
7,hantle
6,bohobe
6,rialo
6,lemati
6,neng
6,pele
6,hampe
6,oaka
6,kenkha
6,monna
6,noka
6,motho
6,noha
6,feela
6,tsatsi
5,hole
5,nkha
5,bapala
5,leka
5,matha
5,qala
5,hoea
5,seo
5,rata
5,hao
5,koatile
5,boo
5,hona
5,joang
5,eile
5,aka
5,tlameha
5,je
5,leo
5,tsela
5,mme
5,monyane
5,ona
5,khale
5,tseleng
5,antoni
5,antse
5,sefaha
5,pela
5,fumana
5,rona
5,baile
5,are
5,thabile
5,moloi
4,hlaha
4,hotlola
4,kholo
4,bojoala
4,saka
4,horialo
4,likorilla
4,hontse
4,bale
4,mohatla
4,seboko
4,tenne
4,lerato
4,liphahlo
4,hone
4,ompulele
4,sekoti
4,etsa
4,joale
4,eoo
4,hampempe
4,holimo
4,binela
4,mafi
4,batho
4,hohle
4,mamlenze
4,buoa
4,ebile
4,lebese
4,banana
4,enoa
4,engoe
4,sheba
4,bulela
4,ho-hong
4,motlotloaneng
3,shebana
3,lehaheng
3,qhomela
3,hoba
3,motseare
3,baneng
3,motle
3,lelapa
3,hoena
3,tseba
3,mpho
3,baqala
3,morao
3,lapeng
3,eena
3,naheng
3,eng
3,tola
3,phela
3,morali
3,holima
3,tsebe
3,retla
3,balisana
3,monyako
3,tsena
3,eja
3,bo-bong
3,feta
3,khutlise
3,hoo
3,hopola
3,thaba
3,ema
3,tlisetsa
3,kamora
3,tseo
3,sia
3,bohloko
3,chesa
3,lihlopha
3,tle
3,jareteng
3,sebaka
3,ane
3,liphoofolo
3,etsang
3,lithotse
3,lona
3,ere
3,ntate
3,seng
3,eona
3,entse
3,maoto
3,buleha
3,ntlo
3,kaha
3,ntlong
3,bula
3,ntse
3,kaofela
3,marallaneng
2,botle
2,bosiung
2,nyane
2,ntsikinyetsa
2,botsa
2,kahare
2,katsatsi
2,kahara
2,oena
2,oje
2,kea
2,ntho
2,chakela
2,kena
2,joala
2,one
2,bontle
2,khetha
2,tlasa
2,onkha
2,oo
2,khetsi
2,hotsoela
2,khohloaneng
2,hotsoa
2,khomo
2,khona
2,bohale
2,khubelu
2,khutlela
2,hotloha
2,chesang
2,palesa
2,boela
2,hong
2,pelo
2,koala
2,phefa
2,tlung
2,pholile
2,batola
2,ts
2,batla
2,hola
2,nahanne
2,nahana
2,hoja
2,eabe
2,latelang
2,bare
2,pitikisa
2,hofihlela
2,potlakela
2,lebeseng
2,telehele
2,qetello
2,eanka
2,hlobola
2,bao
2,leha
2,hlahlamang
2,leihlo
2,leile
2,hlahileng
2,ra
2,hasana
2,morui
2,ebe
2,hare
2,lemoha
2,lena
2,morena
2,eeitse
2,hana
2,hamper
2,mora
2,eeo
2,hake
2,hahona
2,eitse
2,leoto
2,roala
2,suthumetsa
2,tseling
2,habantse
2,ha'moho
2,letsoapong
2,eka
2,sakeng
2,babeli
2,letsoho
2,sala
2,mollo
2,tsenyane
2,molaleng
2,lia
2,fela
2,mokhoa
2,lifaha
2,lifate
2,fats'e
2,shebile
2,likhomo
2,falla
2,etsetsa
2,sefaka
2,sefate
2,linko
2,mochana
2,linonyana
2,mobinela
2,lintse
2,sefateng
2,sehlahla
2,etse
2,liphoolo
2,seke
2,metsing
2,litene
2,alla
2,eseng
2,metse
2,litsoene
2,lla
2,sena
2,ese
2,lulang
2,lumela
2,tsona
2,mema
2,sentse
2,mekopu
2,majareteng
2,majoe
2,mehla
2,malapa
2,aee
2,abile
2,malimo
2,mamela
2,eo
2,mathe
2,setso
2,aba
2,u
2,mantsibua
2,shebahala
2,sale
1,sekti
1,maralleng
1,masello
1,mapalesa
1,maotoa
1,masene
1,mashala
1,masimong
1,matelehele
1,mane
1,mathela
1,mathetho
1,matshoho
1,malikelong
1,mbulu
1,meharo
1,makatsa
1,meholoholo
1,mekoarela
1,mahaheng
1,mafiki
1,meleng
1,maeta
1,mabone
1,menahano
1,lutseng
1,lumellana
1,mengata-ngata
1,luloa
1,lule
1,meno
1,meriri
1,mese
1,lololo
1,lokolohile
1,lokela
1,llelapa
1,mestsi
1,metenya
1,litsama
1,litono
1,metseng
1,litholoana
1,lithlapi
1,metsie
1,lisoinking
1,liseke
1,lise
1,lisa
1,mmoho
1,mntonyama
1,moakhela
1,mobe
1,lintle
1,lintja
1,lintho
1,linqankane
1,mocha
1,linoa
1,moetsetsa
1,mofutsana
1,mohaisane
1,limeleng
1,lilule
1,lilula
1,lilo
1,lilemo
1,lilemme
1,lile
1,mohlatsoa
1,likonopo
1,likolobe
1,likokonyana
1,moholo
1,likhants'i
1,likatana
1,moholo-holo
1,lijele
1,lijalo
1,lija
1,mohope
1,lihlahla
1,lihempe
1,mohula
1,mokale
1,lieta
1,lieile
1,libona
1,libitsang
1,libeke
1,mola
1,molemo
1,lettia
1,momonela
1,mongata
1,letsoalo
1,letsebe
1,monkella
1,letlase
1,letlang
1,letenya
1,leshala
1,lese
1,monkho
1,leralleng
1,leraba
1,lephoka
1,monyala
1,mophetela
1,lenyalo
1,moqebelo
1,lenoa
1,moraho
1,moreo
1,lemong
1,moreting
1,lemating
1,moriri
1,morolo
1,leleme
1,lelekisa
1,lele
1,morutlela
1,lekatla
1,mosali
1,lejoe
1,mosebetsi
1,mosikong
1,leholo
1,lehlohonolo
1,lehlabula
1,mosoabi
1,motebela
1,lefumana
1,lefifi
1,leboha
1,lebitso
1,lebile
1,lebetse
1,moutloa
1,mpeng
1,lebala
1,mtnoyama
1,latlo
1,mtutlanyana
1,laqala
1,lapile
1,mutlanyana
1,lapa
1,lakatsa
1,lahla
1,laela
1,nakoana
1,kupelitsoe
1,koti
1,kopana
1,nferekanyang
1,kokota
1,koetse
1,koeny
1,ngata
1,koatila
1,koatelane
1,koana
1,ngoana
1,koahetsoe
1,khutlisetsa
1,nkaba
1,khutlele
1,nkhang
1,nkhella
1,khotha
1,nkhonooa
1,nna
1,kholoa
1,nnete
1,nng
1,khoeli
1,nogoe
1,khetlo
1,nonkulongu
1,khela
1,khati
1,khasipela
1,notlolla
1,khahloa
1,ketlo
1,ketla
1,kenya
1,nqhekella
1,kene
1,nromella
1,kelitene
1,kekopa
1,keke
1,keka
1,keile
1,nthusa
1,ntle
1,nts
1,katlasa
1,karolo
1,karabelo
1,kapele
1,kapa
1,ntseng
1,kaofeela
1,nyarela
1,nyoreloa
1,kamehla
1,kalulang
1,kahore
1,oaba
1,oane
1,oare
1,oh
1,ohile
1,joetsa
1,joatso
1,okangka
1,okekeng
1,oma
1,ome
1,omisoa
1,ono
1,jala
1,ja
1,itulelang
1,itulela
1,itjella
1,ithabisa
1,ipatile
1,oona
1,ileng
1,oono
1,ikoaela
1,ikemiselitse
1,hotšela
1,ooo
1,hotsoala
1,ore
1,hotseuoa
1,hotseba
1,hotola
1,hotlolela
1,otabohileng
1,otlo
1,hotla
1,hotena
1,hosona
1,out
1,hosekoti
1,hose
1,horobala
1,outloa
1,outlua
1,hopole
1,pakeng
1,pale
1,pata
1,honts'a
1,hontlo
1,patuoe
1,honeng
1,pele-pele
1,honatha
1,pelepele
1,holo
1,holisa
1,peli
1,phahlo
1,phoole
1,holatela
1,phoqehile
1,hokaba
1,hoka
1,phunya
1,hoitekanyana
1,hohobela
1,hohloa
1,pitika
1,hohatsela
1,polokehong
1,hofetohela
1,potso
1,hoeletsa
1,hoeaipata
1,putsoa
1,hochesa
1,hobuoa
1,hobona
1,hobasali
1,qetelletse
1,qetellong
1,hoatsoa
1,hoapara
1,hoa
1,qhautsa
1,ho'moho
1,qhekella
1,hlompha
1,hlompa
1,hloleha
1,hlokahala
1,hlohong
1,qhobang
1,hlenne
1,hlatsa
1,hlano
1,qhoma
1,qoakha
1,hlahe
1,raea
1,hlabula
1,hlabathe
1,hla
1,hetseng
1,hempe
1,haufi
1,rakhali
1,hasa
1,harena
1,ranoanae
1,harangoane
1,hara
1,rasheba
1,rate
1,hanya
1,rea
1,hanele
1,reka
1,reseke
1,retlaba
1,retlo
1,hamonate
1,halietsa
1,haleka
1,hale
1,hakebatle
1,ritela
1,haka
1,hajoale
1,riteste
1,haholoholo
1,ritetse
1,haheng
1,hahae
1,haeona
1,haeba
1,robala
1,habutlenyana
1,habasa
1,robeli
1,haba
1,robong
1,roetseng
1,giraffe
1,futhumala
1,fumane
1,rola
1,fihleletse
1,fihlele
1,rolelana
1,fetohoa
1,romela
1,festere
1,feng
1,felang
1,sane
1,satlehileng
1,satole
1,fat'se
1,fasoloha
1,fasa
1,falle
1,sebakeng
1,etsisa
1,sebini
1,seholo
1,seka
1,etsahetse
1,marieng
1,etela
1,sekting
1,senatla
1,esa
1,sene
1,senkokomaile
1,seno
1,senyane
1,senyeha
1,sepele
1,enka
1,setle
1,shebang
1,siame
1,side
1,sieo
1,so
1,emisa
1,emaaaaaaaaaa
1,emaaa
1,sokola
1,elengoe
1,eleng
1,supa
1,ela
1,eke
1,suping
1,ejang
1,suthumeletsa
1,taba
1,tabohileng
1,tatso
1,tau
1,te'ne
1,eeba
1,ee
1,ebileng
1,teana
1,tebile
1,eba
1,tebileng
1,eantseng
1,teisa
1,eang
1,eaneng
1,eane
1,ealo
1,eaka
1,eaho
1,tena
1,tenneng
1,tenya
1,thabe
1,choatleha
1,choatla
1,thabele
1,thabetse
1,cheke
1,cheileng
1,tharo
1,thata
1,bulele
1,thothomelang
1,bulehe
1,three
1,thusa
1,buits'oaro
1,botsana
1,thuso
1,tibisa
1,bothata
1,botaoa
1,tima
1,bosiu
1,boroko
1,boraro
1,bophelo
1,tjalenyana
1,tlang
1,bonolo
1,bonang
1,tlase
1,bomonate
1,bomalimabe
1,bom'e
1,bolella
1,bolaoa
1,bokolla
1,tlase-tlase
1,boits'oaro
1,boima
1,tletsoe
1,bohlokoa
1,tlholisano
1,bohle
1,tlile
1,tlo
1,bobong
1,tlohelle
1,bo'me
1,tloho
1,bitsoang
1,bitsoa
1,tlola
1,bine
1,binang
1,tlosa
1,besa
1,tlose
1,batsosa
1,batsoela
1,batsoara
1,tlou
1,batsamaea
1,bats'oanela
1,bats'oali
1,tona
1,batle
1,batlang
1,batlaea
1,ts'aba
1,ts'abelang
1,basokang
1,basheba
1,base
1,basarate
1,basaling
1,basa
1,baroetsana
1,ts'eletseng
1,bararo
1,baqeta
1,ts'itioe
1,bapaqama
1,bapalla
1,ts'ohile
1,tsaba
1,banka
1,tsabona
1,tsaka
1,tsamea
1,tse'ne
1,ban
1,balla
1,tsehana
1,baleka
1,balehela
1,tseneng
1,bala
1,bakhotsinyana
1,bakenya
1,bakeketeha
1,bakankha
1,baka
1,bajoetsa
1,baitse
1,baits'oere
1,baiphumana
1,tsengata
1,bahore
1,bahopola
1,bahlobola
1,bahatsetse
1,bafihla
1,baena
1,tsengatangata
1,badutseng
1,bacho
1,babona
1,babitsetsoa
1,tseno
1,babapala
1,babang
1,baba
1,tsetsoang
1,autloa
1,atlo
1,atlehang
1,atle
1,atla
1,tsoara
1,arabela
1,araba
1,aoo
1,tsoela
1,tsoelang
1,ankhe
1,ankha
1,tsoele
1,ana
1,amohela
1,tsohella
1,akhela
1,tsohile
1,aje
1,aitloile
1,aileng
1,tsómo
1,tu
1,abe
1,two
1,aaaah
1,aa
1,utloisa
