freq,word
109,ukuthi
97,kodwa
79,futhi
73,kakhulu
73,wakhe
66,kusho
51,uma
49,wathi
48,umama
45,kanye
37,phansi
35,ilanga
34,ngesikhathi
33,inyoni
33,lapho
32,u
31,ukudla
30,zakhe
30,khona
29,ukuba
29,nje
28,ngokushesha
28,phezulu
26,yakhe
26,kungani
25,wase
25,inja
25,anansi
24,ekhaya
24,zonke
23,abantu
22,fudu
22,endlini
22,esihlahleni
22,amanzi
21,ubaba
20,la
20,mina
20,wami
20,ukuze
20,unonkungu
20,kabi
20,umntwana
20,wabona
19,wahamba
19,encane
19,kahle
19,lakhe
18,usibusiso
18,yami
18,kanjani
18,ngaphandle
18,kwakukhona
18,ukalabushe
18,unogwaja
18,ngelinye
18,ibhola
18,ufudu
18,izinkukhu
17,uanansi
16,noma
16,base
16,ukethi
16,phezu
16,ingane
16,uthandeka
16,eduze
16,kwakhe
16,imvula
15,ngaphansi
15,kukhona
15,waqala
15,ngoba
15,no
15,ugogo
14,kwaba
14,umnyango
14,bese
14,indoda
14,ethi
14,kancane
14,umlilo
14,emva
14,yini
14,unyoni
14,ngemuva
14,wonke
13,umalume
13,phakathi
13,intombazanyana
13,ukudlala
12,izithelo
12,unozibele
12,planted
12,yena
12,emfuleni
12,yonke
12,le
12,yathi
12,hamba
12,kwabe
12,uthami
12,isikhathi
12,into
12,umandla
12,lami
12,mama
11,ezimbili
11,lapha
11,wayo
11,njalo
11,ikhala
11,wezwa
11,ngisho
11,indawo
11,waphendula
11,bonke
11,abazali
11,angeke
11,izinkomo
11,umvubu
11,wathatha
11,ingede
11,ngaphakathi
11,ngakho
10,ekugcineni
10,demazane
10,imbulu
10,kusukela
10,garden
10,ukhokho
10,ixoxo
10,ngicela
10,endleleni
10,umphakathi
10,emanzini
10,esikhulu
10,kubuza
10,zami
10,sakhe
10,ehlathini
10,ngenxa
10,umfowabo
10,ngeke
10,omduna
10,uqinisile
10,utasneem
10,utsheketshe
9,uthandi
9,bo
9,waze
9,manje
9,ezinye
9,emuva
9,izwi
9,sakusihlwa
9,of
9,naye
9,izinyoni
9,omuhle
9,uncede
9,isiketi
9,kwase
9,yase
9,endaweni
9,izingane
9,elincane
9,umsila
8,kanti
8,ngabe
8,izingubo
8,umuntu
8,and
8,abantwana
8,waya
8,izinto
8,enye
8,inyama
8,umntonyama
8,omsikazi
8,inkosi
8,nawe
8,my
8,inkawu
8,bathi
8,ingwenya
8,bheka
8,usuku
8,ujabulile
8,otshanini
8,amantombazane
8,lendlovu
8,kwesihlahla
8,kokuba
8,sami
8,bacinga
8,elikhulu
8,amadoda
8,ekhuluma
8,zaqala
8,imali
8,amabili
8,ikati
8,omncane
7,bahamba
7,igama
7,ngosuku
7,ukukhala
7,impisi
7,akazange
7,cha
7,indlu
7,ingabe
7,wagijima
7,ngaphambi
7,ebona
7,eyodwa
7,wena
7,umfene
7,esikhwameni
7,inkomo
7,ngivulele
7,umndeni
7,esibhakabhakeni
7,omude
7,umoya
7,entabeni
7,waye
7,efika
7,udemane
7,ithi
7,wathola
7,omunye
7,izindwa
7,unanana
7,emzini
7,angikaze
7,waba
7,konke
7,wabe
7,wamemeza
7,yedwa
7,yebo
7,kude
7,emandulo
7,kumele
7,tink
7,bakhe
7,elilodwa
7,kwamanzi
7,the
7,ekuseni
7,wafika
7,small
6,a
6,sakho
6,lokhu
6,umnenke
6,inkonyane
6,izitshalo
6,weza
6,wacabanga
6,waphenduka
6,nkomo
6,lokho
6,eside
6,indodana
6,umtwana
6,incwadi
6,kwaze
6,izinyosi
6,yethu
6,usikhova
6,kwendlu
6,esibayeni
6,eya
6,izinyoka
6,eluhlaza
6,uthi
6,isalukazi
6,izinwele
6,waqhubeka
6,baqala
6,lutho
6,umazinyo
6,usgidi
6,lezi
6,isihlahla
6,yabo
6,ubani
6,mfazi
6,enkulu
6,ezintathu
6,oh
6,wazama
6,ujuba
6,nalo
6,layo
6,amakhulu
6,isikhwama
6,he
6,baleka
6,nabo
6,kuka
6,emphakathini
5,badlala
5,emnyango
5,isitolotolo
5,iculo
5,peas
5,emini
5,oyisihlahla
5,langa
5,ehlala
5,isinkwa
5,muntu
5,itshali
5,zethu
5,amaphiko
5,udemazane
5,udla
5,emgedeni
5,endala
5,izandla
5,ngenkathi
5,unqe
5,omhlophe
5,ngicabanga
5,flowers
5,olulandelayo
5,izilwane
5,ukuya
5,ubhasikidi
5,uhubhu
5,ukuthola
5,uju
5,ememeza
5,phela
5,emasimini
5,isikhashana
5,unwele
5,enisa
5,abanye
5,nyoni
5,ezinhle
5,uzanele
5,wandiza
5,yabona
5,emlilweni
5,wandizela
5,ikepisi
5,lwendlu
5,ebomvu
5,ikhanda
5,ukubona
5,wangena
5,isidlo
5,emakethe
5,izinsuku
5,lincane
5,emagatsheni
5,lona
5,ukungena
5,umcibisholo
5,zakho
5,wakhala
5,umgodi
5,esho
5,abafana
5,nendawo
5,nendlu
5,elinganisa
5,ekhala
5,indwa
5,wahlala
5,elide
5,eceleni
5,wabuza
5,njengoba
5,etabo
5,inkukhu
5,ngolunye
5,ngale
5,akukho
5,ekujuleni
5,wenza
4,isandla
4,waphinda
4,ebusuku
4,akhe
4,ayeza
4,uthanda
4,lomfula
4,wokuqala
4,ukuna
4,lomshado
4,ayo
4,bayo
4,kangaka
4,ngizokusiza
4,nobuhlalo
4,nobuhlalu
4,ngiyinkosi
4,ukudansa
4,woza
4,yeza
4,ngiyanuka
4,utshani
4,waqonda
4,ngithanda
4,kasibongile
4,wazizwa
4,ephatheke
4,izinkonjane
4,lwakhe
4,nomfowabo
4,ke
4,washo
4,manjalo
4,uvusi
4,leya
4,nginuka
4,eziningi
4,uphawu
4,lendoda
4,enhle
4,ezintsha
4,izimfene
4,okucingayo
4,azizange
4,ngicingana
4,komfula
4,uyanuka
4,ugundwane
4,izibuko
4,adle
4,yezinyoni
4,amajuba
4,lathi
4,anti
4,abukhali
4,izaqathi
4,lase
4,large
4,laqala
4,ngempela
4,udadewabo
4,ukwazi
4,ukwedlula
4,mntaka
4,unkosikazi
4,kucabanga
4,ibhasikidi
4,ngayo
4,mulahlele
4,laphaya
4,na
4,ubudala
4,eminingi
4,wavula
4,idla
4,uyibonile
4,emhlabeni
4,ifuna
4,isilwane
4,igatsha
4,lalilangazelele
4,lakho
4,ubhanana
4,umamngwenya
4,zizongena
4,umamtshali
4,yokuqala
4,kulungile
4,kwesikhashana
4,nami
4,emakhaya
4,ikhekheba
4,wakhumbula
4,kuphendula
4,umbhede
4,naso
4,kuphi
4,nayo
4,nazo
4,ukuhlala
4,wakho
4,imibuzo
4,umfana
4,umfazi
4,iminyaka
4,belungekho
4,amathe
4,wabamba
4,ababili
4,impukane
4,wabeka
4,unezimbobo
4,inyoka
4,umhlaba
4,sengathi
4,unana
4,umzimba
4,umuzi
4,indlela
4,nezinkukhu
4,buqamama
4,ngalelo
4,she
4,indodakazi
4,wabo
4,umsindo
4,wahlangana
4,kwasho
4,kuye
4,amehlo
4,elangeni
4,kwamalume
4,ngabheka
3,nabanye
3,inhliziyo
3,amazinyo
3,ingwe
3,ambalwa
3,nezinyoni
3,nezinyawo
3,ingubo
3,wayejabule
3,amazambane
3,boom
3,umlotha
3,umlomo
3,amatshe
3,indizela
3,amnandi
3,yingakho
3,ngalobobusuku
3,inyanga
3,angifuni
3,umgqibelo
3,bengi
3,uneli
3,in
3,nendodana
3,chitik
3,ngamakhandlela
3,imoto
3,ngamandla
3,ngamanzi
3,nebathanda
3,ndawo
3,ngambuza
3,isibhakabhaka
3,yimina
3,isibhaxelo
3,isicabucabu
3,ngamunye
3,namuhla
3,isicoco
3,isidleke
3,ima
3,ngaphambili
3,isifundo
3,isigege
3,namanzi
3,amasela
3,ijazi
3,ihelicopter
3,ungibuyisele
3,igwababa
3,amaqabunga
3,amanothi
3,ngaqala
3,idlani
3,bezwa
3,isithumile
3,wavuma
3,ngasemfuleni
3,icula
3,watshela
3,isu
3,ngathi
3,mvini
3,muva
3,ulinqe
3,ngayeka
3,ngazibuza
3,mother
3,ibanga
3,i
3,mngani
3,mnenke
3,hhooo
3,ukuzokweba
3,behlela
3,gundwane
3,gardens
3,ngesandla
3,ukuyicinga
3,izigege
3,father
3,izimbali
3,ngilapha
3,ngilibheke
3,izimu
3,unyawo
3,ngingadlala
3,mhlawumbe
3,ezingcolile
3,behamba
3,ezine
3,ezindlini
3,lwesinkwa
3,ezincane
3,lwami
3,ezihlahleni
3,bazifuna
3,ngiphezulu
3,ngiqoba
3,zaba
3,wasala
3,ngisizeni
3,akwazi
3,lowo
3,ngivumele
3,ngiyathanda
3,ngiyibone
3,ngizokuluma
3,ayanda
3,ngizokutshela
3,zabe
3,eyake
3,ebumnyameni
3,ngokudla
3,ngokunjalo
3,etafuleni
3,usiphathele
3,ngomunye
3,usipho
3,esiqinile
3,lokuqala
3,wenze
3,baya
3,ecabanga
3,esidlekeni
3,ka
3,bathola
3,esibhedlela
3,bashise
3,nobaba
3,waphakamisa
3,ukudlula
3,linike
3,uthe
3,wanquma
3,baqhubeka
3,eseqedile
3,kangangoba
3,esasindisa
3,womzingeli
3,nomalume
3,lika
3,epulazini
3,nomama
3,baphuma
3,aze
3,ephindela
3,kathandeka
3,nomfazi
3,lezinyawo
3,nommbila
3,yabe
3,nomndeni
3,nozibele
3,nqe
3,khokho
3,ukhuni
3,kimi
3,lesi
3,bandla
3,ukhozi
3,okuningi
3,kombhede
3,baba
3,okuthile
3,egatsheni
3,uhambo
3,lawa
3,omkhulu
3,bami
3,yakho
3,kube
3,bam
3,kubhasikidi
3,abe
3,yalo
3,ziyophuza
3,kudala
3,ucezu
3,ehamba
3,kufanele
3,babehlala
3,owesifazane
3,ehleka
3,emhlane
3,kuleli
3,babekazi
3,phandle
3,emgodini
3,ladonsa
3,abangani
3,walizwa
3,ehluleka
3,labuza
3,labe
3,kumemeza
3,kungaba
3,zandiza
3,babhukuda
3,walandela
3,kungekho
3,kwi
3,kwethu
3,kwesivalo
3,abangane
3,kuphela
3,ubabekazi
3,wakhuluma
3,abalimi
3,uayanda
3,babo
3,kusasa
3,zome
3,wakhipha
3,baka
3,wabaleka
3,abafazi
3,sathi
3,yavula
3,wajabula
3,satshani
3,sawubona
3,kwayo
3,sifike
3,sihlahla
3,sincane
3,wabuka
3,wabuya
3,elibomvu
3,kuwe
3,sithanda
3,elele
3,kuwo
3,size
3,wacela
3,kuze
3,wacula
3,zathi
3,kuzomele
3,wagibela
3,bafika
3,badlula
3,ekhoneni
3,kwafika
3,kwaloko
3,kwakusihlwa
3,entsha
2,wendlovu
2,kwakhula
2,kwakuhlala
2,bacula
2,wafikelwa
2,kwalelidamu
2,kwahamba
2,wagcina
2,wadlala
2,zase
2,kwamathanga
2,wagijimela
2,kwami
2,kwaphuma
2,kwaqhamuka
2,zavumelana
2,kuyizinsuku
2,kwasekuseni
2,wagxuma
2,wagxumela
2,bagijima
2,wabuyela
2,kuthetha
2,zaphuma
2,kwasuka
2,wabonga
2,zawo
2,kusihlwa
2,kwathi
2,wahleka
2,bahlala
2,kwehlathi
2,kwekhanda
2,wahlwitha
2,babona
2,kwelanga
2,kwendlela
2,wabatshela
2,wabasa
2,waka
2,kwengubo
2,kushisa
2,kwenkonyane
2,kusenjalo
2,kwenye
2,kwenza
2,kwenzeka
2,kwephiko
2,kupholile
2,kwesidlo
2,babiza
2,kunjalo
2,kwesikhathi
2,kwesikole
2,kwesinye
2,kungumshado
2,kweso
2,kungu
2,kwezihlahla
2,kwezintaba
2,kwezulu
2,kungenzeka
2,kwinduna
2,kungazelelwe
2,labaleka
2,bakhohlwa
2,labuka
2,kumama
2,uzizwa
2,uze
2,kulomhlaba
2,kulomfula
2,lakhala
2,babelele
2,kulo
2,kulezo
2,lalishisa
2,lalo
2,lamadoda
2,uyise
2,lamanzi
2,uyinkomo
2,wama
2,landizela
2,bakhumula
2,wamangala
2,lanwebeka
2,kujuba
2,balekani
2,laphenduka
2,babe
2,balinda
2,kubo
2,kubabekazi
2,konje
2,uyaphi
2,komlilo
2,wamnqanda
2,lawo
2,komdanso
2,uyalufuna
2,uyalala
2,laze
2,wamphephisa
2,leli
2,uya
2,lelolanga
2,wamthola
2,bamthatha
2,kodonga
2,lesihlahla
2,baphenduka
2,kepha
2,kenyon
2,kayise
2,lezizimpahla
2,lezo
2,ligcwele
2,ligijima
2,utsheketsheke
2,kanzima
2,kanonkungu
2,kanogwaja
2,kanje
2,kangangokuba
2,wanwebela
2,kamnandi
2,basemzini
2,ayinawo
2,kakalabushe
2,kade
2,ayekuzwa
2,lithi
2,lo
2,aye
2,jakalasi
2,zabo
2,lokuphebeza
2,usivinini
2,izivakashi
2,bayeka
2,waphindela
2,waphuma
2,waphumela
2,waphuthuma
2,izinyawo
2,zabantu
2,bayodlala
2,luhlaza
2,was
2,ushaka
2,wasemadadeni
2,izinhlanzi
2,izinhlamvu
2,yona
2,washiya
2,madadeni
2,maduzane
2,usanele
2,malume
2,awukwazi
2,urefiloe
2,mamncane
2,mancane
2,athi
2,washutheka
2,ashise
2,izingalo
2,uphuzi
2,mfene
2,mfowabo
2,uphetheni
2,behlale
2,upheke
2,izinduku
2,apula
2,aphezulu
2,izimvini
2,izimpukane
2,unuka
2,izeluleko
2,wasuka
2,iya
2,wathengela
2,bekhala
2,wathethisa
2,angilitholi
2,unobuntu
2,yomdanso
2,itshe
2,yombala
2,yokuthi
2,ithanga
2,wathumela
2,mvubu
2,angilitholanga
2,itafula
2,nabantu
2,isithelo
2,isipho
2,nalaphaya
2,isikhukhukazi
2,bekhulile
2,isigqoko
2,namhlanje
2,wawumfishane
2,ungenza
2,isichushe
2,isicebi
2,zibaleke
2,zibe
2,nayi
2,wawuzozifihla
2,ishaya
2,isela
2,yokulala
2,necebo
2,nembulu
2,nemfene
2,ungalinge
2,nemifino
2,iphutha
2,iphini
2,iphi
2,nengane
2,nenkawu
2,nenkulumo
2,nentombazane
2,wayecabanga
2,nentuthu
2,iphalishi
2,nesigege
2,wayecula
2,nesivunguvungu
2,angazi
2,bengizothatha
2,unamehlo
2,neyodwa
2,neze
2,nezilwane
2,nezimbuzi
2,nezindlulamithi
2,umzingeli
2,beno
2,umyeni
2,nezinhlanzi
2,intombazane
2,bephethe
2,insini
2,ami
2,wayehamba
2,nezinwele
2,inomsila
2,besaba
2,wayeka
2,besashisa
2,umshado
2,nezithelo
2,zidiniwe
2,amculela
2,zidle
2,bethelana
2,beza
2,wayekhuluma
2,umntonyane
2,amazimu
2,ngacala
2,umnsalo
2,umngani
2,ngakhala
2,ingulube
2,bobabili
2,amawolintshi
2,bona
2,induku
2,both
2,wayemxwayisile
2,indlovu
2,umkhulu
2,ngalelolanga
2,ngalifuna
2,indaba
2,ngalokho
2,inamazinyo
2,wayengakwazi
2,wayengathandi
2,cosi
2,umgexo
2,umgede
2,umfundisi
2,umfula
2,umfowethu
2,impilo
2,amasonto
2,imindeni
2,imifino
2,imibala
2,imfene
2,ngamazinyo
2,umdeni
2,imbuzi
2,imbongolo
2,imbali
2,ngangazi
2,zika
2,umbila
2,yima
2,umbani
2,amasi
2,yilapho
2,demane
2,umangwenya
2,yielded
2,wayesekhathele
2,amaqanda
2,ihashi
2,igeja
2,igazi
2,amanye
2,duzane
2,ngaphezu
2,idle
2,ngase
2,idiniwe
2,ibhubesi
2,e
2,ngawo
2,ibhodwe
2,ibhayisikili
2,ngaze
2,ibhasi
2,nge
2,ngejubane
2,ukwenza
2,hlala
2,zincane
2,wayeziqhenya
2,amanga
2,hhayi
2,ebaleka
2,ngemva
2,gxuma
2,ngendlela
2,ngenhlanhla
2,gatsha
2,ngenkulu
2,amakhanda
2,ngenye
2,yezithombe
2,ukuzibamba
2,amakhala
2,ukuyothola
2,ngesidlo
2,wayithatha
2,ngezandla
2,ngezindlebe
2,ngezwa
2,ngi
2,ngibona
2,ngibone
2,ngibuye
2,ngibuza
2,ebambe
2,ebhakedeni
2,amagusha
2,wayofuna
2,ezwa
2,ngidinga
2,ngidle
2,ngifuna
2,ngifunda
2,ebizwa
2,amagundane
2,ngihlale
2,ngikwazi
2,ngilalele
2,yezimanga
2,ezintabeni
2,ngimbuza
2,nginambitha
2,ukushintsha
2,ngingaba
2,ezinkulu
2,ngingaphuzi
2,ukusha
2,wazinweba
2,ezigeziwe
2,wazitshela
2,amadumbe
2,ngisigqoke
2,wazuba
2,ukuphumela
2,ezicabangela
2,ezama
2,ukuphi
2,ngivuleleni
2,wehla
2,ngiyabonga
2,ezahlukene
2,eyodla
2,ngiyaxolisa
2,ngiye
2,eyisicebi
2,eyishumi
2,ngizofa
2,ngizohlala
2,eyayinisa
2,wema
2,eyayikwazi
2,eyayigqoke
2,ngizwa
2,akwaza
2,ukundiza
2,ukunambitheka
2,ngokuba
2,badla
2,ngokucophelela
2,ngokudinwa
2,etshela
2,ngokukhulu
2,ethukile
2,ngokuphazima
2,akusekho
2,ngokuthi
2,ukulangazelela
2,ngokuthukuthela
2,ngokuthula
2,ngolimi
2,ukulala
2,esuka
2,ngomhlane
2,ngomshado
2,esiswini
2,ukukhuluma
2,wesifazane
2,ukukhemezela
2,ukukhanya
2,akubanga
2,ngqo
2,ukujabula
2,ngubani
2,ukuhleka
2,nguye
2,esincane
2,nina
2,ukuhamba
2,ukugqoka
2,akho
2,njani
2,ukugibela
2,ebusweni
2,esihlalweni
2,esidlweni
2,akhazimulayo
2,ecinga
2,nobisi
2,ukuduma
2,eshumayela
2,akhala
2,akekho
2,esalukazini
2,ecula
2,esabekayo
2,nogogo
2,nokhokho
2,nokudla
2,nokuthi
2,akakwazanga
2,eqonde
2,ephuma
2,ephinde
2,ephephile
2,ukubhukuda
2,yaba
2,nomhlangano
2,enzela
2,edamini
2,nonkosazana
2,nonkosikazi
2,nonogwaja
2,enukayo
2,ekudeni
2,ukubaleka
2,ntambama
2,ahleke
2,nyoka
2,edla
2,eno
2,obomile
2,obumnandi
2,enhliziyweni
2,ukhona
2,ahlala
2,ahamba
2,ogulayo
2,engingayenza
2,ohlakaniphile
2,zithathe
2,afudumale
2,engilusizi
2,engena
2,yagijima
2,ujakalasi
2,adonsa
2,okuhle
2,okungenani
2,engcolile
2,engadini
2,endodeni
2,uhleko
2,okwakumele
2,okwesibhakabhaka
2,egqamile
2,yahamba
2,olulodwa
2,yahlala
2,endizela
2,olumnandi
2,olunye
2,abuyele
2,ende
2,yenkosi
2,yengede
2,ufike
2,abomvu
2,abo
2,abenziwe
2,udokotela
2,encwadini
2,yemfene
2,egxuma
2,abazange
2,yama
2,emzimbeni
2,yamanga
2,omusha
2,ongaba
2,onogwaja
2,osebeni
2,ubuyela
2,zize
2,ubuthongo
2,owayenomusa
2,emthunzini
2,yamgwinya
2,ubuhlungu
2,emthini
2,yandizela
2,zizokusiza
2,phambi
2,ubisi
2,emgwaqeni
2,abathathu
2,yehla
2,yanyakaza
2,embobeni
2,ehleli
2,yaphindela
2,pho
2,phumani
2,abaningi
2,sacks
2,sahamba
2,ehlezi
2,emamatheka
2,yaqala
2,emakhulu
2,yashibilika
2,yashiya
2,elungile
2,uanyanisi
2,abafowabo
2,sase
2,yathatha
2,u-ayanda
2,u-anti
2,ejabulile
2,yathukuthela
2,elishisayo
2,eliphezulu
2,elinyilanga
2,thandeka
2,elimnandi
2,sazo
2,ekhanda
2,yayibuhlungu
2,sidla
2,tasneem
2,ekhathele
2,sifuna
2,sigijime
2,sukela
2,sihamba
2,elihle
2,sikatasneem
2,sikhathi
2,sonke
2,sikwazi
2,siluhlaza
2,elihlakaniphile
2,sinike
2,sisola
2,elibi
2,sizane
2,sokuthi
2,ele
2,sizolanda
2,yayiqala
1,kuhlezi
1,sokubasa
1,sokhuni
1,sochoko
1,sobukhosi
1,sobabili
1,sokumenzela
1,skhova
1,sizozenzela
1,sizophinda
1,sokungu
1,sizokulanda
1,sizohlala
1,sizohamba
1,sizodlala
1,sizodla
1,sizobuka
1,sizo
1,sokuqhubeka
1,sizani
1,sokuthola
1,sizahuqa
1,sizabona
1,siyoxwayisa
1,siyophila
1,siyofuna
1,siyodlala
1,siyobona
1,siyengale
1,siyeke
1,siye
1,siyazi
1,siyathanda
1,siyangiqina
1,siyadumala
1,siya
1,siwula
1,sithi
1,sithathe
1,sokuvikela
1,sister
1,sokuvimba
1,sisekujuleni
1,siqeda
1,siphi
1,siphathwa
1,somkakhe
1,sini
1,singene
1,singabhukudi
1,sinesipho
1,sindiswa
1,somkhiwane
1,simthanda
1,simnyama
1,sime
1,silwane
1,somoya
1,somzimba
1,sikuthanda
1,sikuso
1,sikunqume
1,sikubonile
1,sikhova
1,sikholelwa
1,sour
1,sikhala
1,sikathi
1,sowuvutha
1,sikamama
1,sikagogo
1,sihuquze
1,sihle
1,sihlasela
1,sihlangane
1,sihlangana
1,sihlala
1,sphukuphuku
1,sihambile
1,sukani
1,suku
1,sifundo
1,sifunde
1,susa
1,ta
1,sifika
1,sidlale
1,te
1,sidinga
1,sicule
1,sicela
1,sicathulo
1,sibuya
1,sibuka
1,sibhukude
1,shiya
1,shhh
1,shesha
1,teeth
1,shanela
1,shakes
1,sgidi
1,sezizohamba
1,sezinyosi
1,sezindiza
1,sezincane
1,sezimfene
1,sezikwazi
1,sezibalekile
1,seyiya
1,seyisegatsheni
1,seyiqedile
1,sesinqamukile
1,sesikole
1,sesihlahla
1,sesigcwele
1,sesifikile
1,senyoni
1,senyoka
1,senkawu
1,senilungele
1,senigcole
1,senginomngane
1,tessa
1,sempisi
1,selishona
1,selise
1,selima
1,selilide
1,selifudumele
1,selibuyile
1,sekuyisikhathi
1,sekuyintambama
1,sekuwusuku
1,sekusa
1,sekupheleni
1,sekuphele
1,sekuphakathi
1,sekungukuphela
1,sekungasasizi
1,sekunezindlu
1,sekulungile
1,sekuhlwile
1,sekhethelo
1,sehora
1,sebezibeke
1,sebesondele
1,sebeseduze
1,sebeqedile
1,sebemanzi
1,sebehambisana
1,sebefike
1,sebefika
1,thami
1,sazithulela
1,sayo
1,saya
1,thande
1,sawo
1,sawagqoka
1,satshintsha
1,thandi
1,type
1,sasivulekile
1,sasijabule
1,sasidume
1,sasibhakabhaka
1,sasemini
1,sasekuseni
1,uanasi
1,saphephula
1,saphendula
1,samtshela
1,samnika
1,uanti
1,samfisela
1,sameva
1,sambuza
1,salukazi
1,salolukhuni
1,salo
1,sala
1,ubanakekele
1,sakufihla
1,sakudala
1,ubane
1,sakhele
1,ube
1,sahleka
1,ubedla
1,sagogo
1,sagijimela
1,ubeka
1,sabo
1,sabaleka
1,saba
1,qeda
1,qaphelani
1,qapha
1,qagela
1,ubelokhu
1,ubengabuye
1,phuma
1,ubenomhobholo
1,ubesaphila
1,phezukwehlombe
1,ubesezizwa
1,ubezongikholwa
1,phatheka
1,ubheken
1,ubhontshisi
1,phambilini
1,ubone
1,ubonekahle
1,phakathe
1,ubuhlalu
1,parents
1,ozothenga
1,ozidlayo
1,ozemboze
1,oyondizela
1,oyoba
1,oyiyisihlahla
1,oyiwele
1,ubuhungu
1,oyigugu
1,oyicabangayo
1,oyedlula
1,owokuqala
1,owodwa
1,ubulelwa
1,owesifazana
1,owenziwe
1,owayeyisicebi
1,owayesevukile
1,owayephindela
1,ubusuku
1,owayeneminyaka
1,owayelambile
1,owayehlezi
1,owayehlekwa
1,owayehlala
1,owayehala
1,owaye
1,owaya
1,owawusekugcineni
1,owawuhlala
1,owakhe
1,ovuthiwe
1,ubuye
1,osukwini
1,oshonile
1,oshisayo
1,oseyinyoni
1,osekweni
1,oseduze
1,ubuyele
1,ophatheke
1,ophahleni
1,onyaweni
1,onukayo
1,ubuzama
1,onodoli
1,onjalo
1,ongqongqozayo
1,ongimemile
1,ongicela
1,ongenalutho
1,ongazicabanga
1,ongaphezulu
1,ongamupha
1,ongakucabanga
1,ongakavuthwa
1,ubuze
1,onezinyanga
1,onezimbobo
1,onesibindi
1,onamasi
1,ucabanga
1,ucingana
1,omuny
1,udle
1,ufake
1,omthandayo
1,ufana
1,ufihle
1,ufunani
1,omile
1,ufunda
1,omfishane
1,ugcina
1,ombila
1,ombalantu
1,omama
1,olwalusele
1,olwalumnandi
1,oluya
1,oluthunyayo
1,olusizo
1,olusha
1,olunzima
1,ugcwele
1,olunosawoti
1,olunamafutha
1,ugingile
1,olume
1,uhamba
1,uhambisela
1,olukhethekile
1,oluhle
1,oluhlaza
1,oludala
1,olomile
1,olandelayo
1,okwesithathu
1,uhansi
1,okwehla
1,okwasekushoda
1,okwakwenziwa
1,okwakuyizimu
1,okwakuqhamuka
1,okwakungesikho
1,uhlangana
1,okwakumangaza
1,okwakuhlala
1,okwakho
1,okuyizona
1,okuvala
1,uhubha
1,okusemandleni
1,ujabhile
1,okungu
1,ujabu
1,okungajwayelekanga
1,okuncono
1,okuncane
1,okukhulu
1,okuhwashazayo
1,ujabule
1,okuhlafuna
1,okugcolile
1,okufanayo
1,okuconsisa
1,ukahle
1,okokuqala
1,okhuluphele
1,okholelwa
1,okhazimulayo
1,okhanyayo
1,okhalayo
1,ojwayelekile
1,ohlangothini
1,ohlakanophile
1,uketti
1,ohambeni
1,ukhahlela
1,ukhanda
1,ogoqene
1,ogogo
1,ogcwele
1,ofudumele
1,ofana
1,ukhathele
1,odongweni
1,odayisa
1,odakeni
1,oculayo
1,ocula
1,obungaka
1,obumnyama
1,ukhulu
1,obulandelayo
1,obomvu
1,ukhululekile
1,obisini
1,obhanana
1,ukhumbula
1,ukhuthi
1,ntombazanyana
1,ntengantenga
1,ukubala
1,nqgo
1,ukubamba
1,ukubambelela
1,noyise
1,noyedwa
1,notshani
1,nosuku
1,nosivinini
1,nosipho
1,nosibusiso
1,nosanele
1,nonyoni
1,ukubanakekela
1,nonobuntu
1,ukubanda
1,ukubekezelela
1,nonke
1,noneli
1,nomsindo
1,nomnumzane
1,nomntwana
1,nomngani
1,ukubhala
1,ukubhalela
1,nomlomo
1,nomkhulu
1,nomholi
1,ukubheka
1,nomgexo
1,nomfula
1,ukubhonga
1,ukubonakala
1,nomfanyana
1,nomdlwane
1,nomcibisholo
1,nombono
1,nombala
1,nomamncane
1,ukubonga
1,ukubonwa
1,nomakoti
1,ukubuyela
1,nokwenzeka
1,nokuzibona
1,nokuvela
1,nokutinyeleka
1,nokuthuka
1,nokuthile
1,ukucabanga
1,nokuphatheka
1,nokuna
1,nokukhanya
1,nokukha
1,nokugqoka
1,nokufa
1,nokudlala
1,ukucasha
1,nokudinwa
1,nokubanda
1,nokuba
1,ukucasuka
1,nogwaja
1,nogundwane
1,nogolila
1,ukucupha
1,nodemazane
1,nodadewabo
1,nobuso
1,nobuntu
1,ukudedela
1,ukudinwa
1,nobugebengu
1,noboya
1,ukufinyelela
1,nobabekazi
1,ukufukula
1,noanansi
1,ukufunda
1,nkukhu
1,ukufundela
1,njengophawu
1,njengokukhophoza
1,ukugcumela
1,njengob
1,njengezokuthutha
1,njengezinkawu
1,njengesizwe
1,njengenjwayelo
1,njengengubo
1,njengane
1,njenganabantu
1,njengalezi
1,njenga
1,njegoba
1,ukugezwa
1,ukugijimisa
1,ukugodola
1,nizomulahlela
1,nizohlala
1,niyomculela
1,niyasinda
1,niyaphoxa
1,nisiletha
1,nini
1,ningiphelezele
1,ninenhlanhla
1,ukuhhusha
1,nihlanzekile
1,nidliwe
1,nibahle
1,nhlangothi
1,ngwenya
1,ukuhlangana
1,nguvusi
1,nguthami
1,ngunkomo
1,ngumuntu
1,ngumnikazi
1,ngumama
1,ukuhlulelwa
1,ngubabekazi
1,ngubaba
1,ngu
1,ukukha
1,ngqi
1,ngowakhe
1,ukukhipa
1,ngosa
1,ngomyango
1,ukukhumula
1,ngomtsha
1,ukukliwula
1,ngomnyango
1,ngomlomo
1,ngomkakhe
1,ukukunika
1,ngomgwaqo
1,ngombala
1,ngolwesine
1,ukukwenza
1,ukulalaia
1,ngokweqile
1,ngokwenzeke
1,ngokwanele
1,ngokwakhe
1,ukulalelisisa
1,ukulandela
1,ngokuthiuvikele
1,ngokuthile
1,ukuletha
1,ngokusondelela
1,ukulwa
1,ngokuqemba
1,ngokuphuma
1,ngokupheka
1,ukumdududuza
1,ukumemeza
1,ngokungabi
1,ngokumtinyela
1,ngokumelana
1,ngokulangazelela
1,ngokulandelana
1,ngokulandela
1,ukumhlanzela
1,ngokujabula
1,ngokuhamba
1,ukumlandela
1,ukumshada
1,ukumtshontsha
1,ngokubusisa
1,ngokubili
1,ukunakekela
1,ngokhethi
1,ngohlelo
1,ngodaka
1,ngobunye
1,ngobunono
1,ngobuningi
1,ngobuhlalu
1,ngobhejane
1,ukungahloniphi
1,ukungathinti
1,ngizozuba
1,ngizoziyeka
1,ngizoziphindiselela
1,ngizozifundela
1,ngizozibeka
1,ngizoza
1,ngizoyenza
1,ngizovakashela
1,ngizosiza
1,ngizopha
1,ngizonifihlaphi
1,ngizonibeka
1,ngizolinda
1,ngizolilanda
1,ngizolandela
1,ngizokwenza
1,ngizokuzwa
1,ukungayinaki
1,ngizokutholela
1,ukungazizwa
1,ngizokunika
1,ukungcola
1,ngizokukhombise
1,ngizokufaka
1,ngizokubona
1,ngizokhona
1,ngizokhahlelela
1,ukungenza
1,ngizogwinya
1,ngizogqokani
1,ngizogqoka
1,ngizofundisa
1,ukungichazela
1,ngizoba
1,ngizo
1,ngize
1,ngiyomise
1,ngiyofundela
1,ngiyobajimisa
1,ngiyiphekele
1,ukungimema
1,ngiyijabulise
1,ukunisa
1,ukunqakisana
1,ngiybonge
1,ngiyazi
1,ukupakisha
1,ngiyathemba
1,ukupha
1,ukuphefumula
1,ngiyacabanga
1,ukupheka
1,ngixhose
1,ngiwuthole
1,ngiwaphe
1,ukuphela
1,ukuphepha
1,ukuphila
1,ngivuka
1,ngivakashela
1,ngivakasha
1,ngitshele
1,ngithole
1,ngithinte
1,ngithi
1,ngithande
1,ukuphuma
1,ngisukuma
1,ukuphuthelwa
1,ukuqamba
1,ukuqaphela
1,ngisendleleni
1,ngisayozingela
1,ukuqinisekisa
1,ngiphinde
1,ukusebenza
1,ngiphendula
1,ngiphekele
1,ngiphe
1,ngiphatheke
1,ukusethusa
1,nginombono
1,nginigeze
1,ngingumshana
1,ngingenza
1,ngingedwa
1,ngingazisiswanga
1,ukushayisana
1,ngingambalela
1,ngingakwazi
1,ngingakujabulela
1,ngingakamboni
1,ukushesha
1,ngingabagcina
1,ukushibeka
1,nginendawo
1,ngineminyaka
1,ngindlalele
1,ngincama
1,nginamehlo
1,ukushisa
1,nginakekela
1,ngimukele
1,ngimuhle
1,ngimncane
1,ngimcane
1,ukushiya
1,ngimamukele
1,ngilimele
1,ukusisiza
1,ngilele
1,ukusiza
1,ngilangazele
1,ngilandeleni
1,ngilandele
1,ukusondela
1,ngilahlekelwe
1,ngikwenze
1,ukusukela
1,ngikuthathephi
1,ngikuphe
1,ngikulindile
1,ngikhuluphale
1,ngikhule
1,ngikhathelwe
1,ngikhathele
1,ngikhale
1,ngijabule
1,ngihlaselwe
1,ukuthatha
1,ngihlala
1,ngihambe
1,ngigretha
1,ngigoqe
1,ngigeza
1,ngigcoke
1,ukuthukuthela
1,ukuthula
1,ngifukule
1,ngifisa
1,ngifile
1,ngidukile
1,ukutotosa
1,ukuvutha
1,ngicwecwa
1,ukuwadla
1,ukuyenga
1,ukuyifuna
1,ukuyigeza
1,ukuyilandela
1,ngibugqoke
1,ukuyinika
1,ukuyobambambelela
1,ngibemkhulu
1,ngibayise
1,ngibamba
1,ukuyobhukuda
1,ukuyofaka
1,ngezithupha
1,ngezisu
1,ngezingubo
1,ngezindlela
1,ukuyofuna
1,ngezimpande
1,ngezimpama
1,ngezikhathi
1,ngezandlazombili
1,ukuyokha
1,ngeyakho
1,ngethuka
1,ngesineke
1,ngesilevu
1,ngesikhuni
1,ukuyomfuna
1,ngesikhashana
1,ngesihlahla
1,ngesigege
1,ukuyopha
1,ngesethembiso
1,ukuzifikelela
1,ngephutha
1,ukuzingela
1,ngenyama
1,ukuziphekela
1,ngentokozo
1,ukuziphindiselela
1,ukuzivocavoca
1,ngenjabulo
1,ukuzoba
1,ngenhlabathi
1,ngengwenya
1,ngengubo
1,ngengane
1,ngengalo
1,ngendodana
1,ngendlulamithi
1,ngendlu
1,ukuzobukela
1,ngendlalele
1,ngena
1,ngemvubu
1,ukuzontshontsha
1,ukuzophuza
1,ngemphela
1,ukuzosiza
1,ngemilenze
1,ngemfologo
1,ngembulu
1,ngemaphakathi
1,ngemali
1,ngeliye
1,ngeliqinile
1,ukuzwa
1,ngelanga
1,ngekhala
1,ukweba
1,ukwenzelani
1,ngehlengezela
1,ngegubo
1,ngeghawe
1,ngegabon
1,ngedlanzana
1,ngeculo
1,ngebhasi
1,ukweqa
1,ngci
1,ngazizwa
1,ngazitholela
1,ukwesaba
1,ngazibona
1,ukwethuka
1,ngayobheka
1,ulahla
1,ngayinye
1,ngayibalekela
1,ulethe
1,ngawubheka
1,ulindeni
1,ngawami
1,ngavumela
1,ngathula
1,ngathola
1,uliqe
1,ngathatha
1,ngathanda
1,ngasuka
1,ngasosebeni
1,ngaso
1,ngasinye
1,ngasemgedeni
1,ulishaye
1,ngasekodla
1,uluhlaza
1,ulwa
1,ngaphuma
1,ngaphezulu
1,ulwandle
1,ngaphesheya
1,ngaphendula
1,ngaphasi
1,umammtshali
1,umamsthali
1,umape
1,umbambe
1,umboko
1,ngapha
1,ngangithunyelwe
1,ngangithanda
1,ngangingakaze
1,ngangidlala
1,ngangi
1,umbukiso
1,ngane
1,umbuzo
1,ngamthola
1,ngamlalela
1,ngamehlo
1,umdanso
1,ngambuka
1,ngambheka
1,ngamazwi
1,umdlandla
1,ngamaqoqana
1,umdlwane
1,umelusi
1,ngamalanga
1,umgogodla
1,ngamahlanga
1,ngalutho
1,ngalona
1,ngalolo
1,ngalokukhuluma
1,umhlambi
1,umhlophe
1,ngalobo
1,ngalo
1,umhobholo
1,ngalibheka
1,ngalesosikhathi
1,ngaleso
1,ngalephondo
1,ngalendlela
1,ngalendaba
1,umjuluko
1,umlimi
1,ummbila
1,ngakwenzile
1,ngakuzo
1,ngakusasa
1,ngakuphi
1,ngako
1,ngaklebhule
1,ngakhoke
1,umncintiswano
1,umngan
1,ngajikela
1,ngajika
1,ngajabula
1,ngahluleka
1,ngahleka
1,ngahamba
1,ngaficana
1,ngacela
1,umnthwanakhe
1,ngabuzangokulangazela
1,ngabuza
1,ngabomu
1,ngabo
1,umnumzane
1,umqhele
1,ngabantu
1,nezitulo
1,umsebenzi
1,nezinzwane
1,umshayeli
1,nezinye
1,umshise
1,nezinyamazane
1,umtonyama
1,nezintibane
1,nezinkulu
1,umunwe
1,nezinkomo
1,nezinkinobho
1,nezinja
1,umxoshe
1,nezingane
1,umzingelo
1,umzwangedwa
1,nezimbambo
1,unamandla
1,nezikhindi
1,neziketi
1,nezihlahla
1,nezidalo
1,nezicathulo
1,unamazinyo
1,unamaziyo
1,nesu
1,nesonto
1,unaso
1,nesiqiniseko
1,nesilwane
1,nesilandelayo
1,nesikipa
1,nesikhwama
1,nesikhathi
1,nesihlahla
1,undizisa
1,nesidlo
1,nesicoco
1,nesakhiwo
1,nenyanga
1,unengubo
1,nentombazanyana
1,unezimpahla
1,nento
1,nenqe
1,unezimpondo
1,nenkosi
1,nenkomo
1,nenkeshezana
1,unezindlebe
1,nenjabulo
1,nenhlava
1,ungacasha
1,ungadibana
1,nendodakazi
1,nendlulamithi
1,ungagadwangae
1,ungakwazi
1,nemvula
1,nempela
1,nemizuzu
1,neminye
1,neminwe
1,nemilomo
1,nemilenze
1,ungalaleli
1,ungamosi
1,ungangithengela
1,neloli
1,nelinye
1,nelikamfowethu
1,nelikamfowabo
1,nelika
1,nekhanda
1,nekepisi
1,nekati
1,nehlathi
1,negatsha
1,nedayinasoli
1,ungangitshela
1,ungaphansi
1,nebasikidi
1,nebasebenza
1,neba
1,ne
1,ndlala
1,ndini
1,ndawonye
1,ungathembisa
1,ncamashi
1,nazozonke
1,ungatsheli
1,nazi
1,ungavuki
1,ungayilimazanga
1,nayekusho
1,ungazi
1,nawo
1,ungazobheda
1,nawa
1,ungede
1,nasengadini
1,nasendaweni
1,nasemfuleni
1,nasemehlweni
1,nasemagatsheni
1,nasekudleni
1,naphezu
1,nankinga
1,nani
1,nangemva
1,nangempela
1,nangaloko
1,nandaba
1,nanana
1,nanamuhla
1,nana
1,ungekho
1,ungenzani
1,ungenzeleni
1,namehlo
1,name
1,nambili
1,namatshe
1,namaphoyisa
1,ungiboleke
1,namantombazane
1,namandla
1,namalunga
1,namalanda
1,namahloni
1,namahawu
1,namagatsha
1,namadoda
1,namabhodwe
1,naluzwelo
1,ungihambise
1,naleyo
1,nalesosalukazi
1,naleso
1,naleli
1,nalapho
1,ungingenise
1,nakwindodana
1,nakwelinye
1,nakuba
1,nakhoke
1,nagasencele
1,unginyathela
1,nabire
1,nabazukulu
1,nabazali
1,unginyathelile
1,nabantwana
1,ungisize
1,nabanikazi
1,nabafundisi
1,ungixolele
1,mzuzu
1,mzukulu
1,ungowami
1,mvula
1,ungubani
1,ungumalume
1,ungumngani
1,muu-u
1,musani
1,ungwejeje
1,muletheni
1,unina
1,mu-u-u
1,mtshali
1,mtonyana
1,unkisikazi
1,mnyama
1,unomlomo
1,unomqala
1,mngane
1,unonile
1,mndeni
1,mnandi
1,mkhulu
1,upha
1,mhlawumpe
1,uphendula
1,mgodi
1,mgaqweni
1,uphethwe
1,uphi
1,upikoko
1,mfana
1,meyerowitz
1,metasatasa
1,mekathola
1,mekathi
1,mekafika
1,mekabona
1,mee-e
1,me-e-e
1,mdlwane
1,mdlathini
1,mazinyo
1,mazimu
1,mazibuko
1,mayelana
1,mayefika
1,masihambe
1,masibhukudeni
1,masibaseni
1,mashaya
1,mary
1,maphakathi
1,uqhamuka
1,uqinile
1,uqoba
1,mamudla
1,mamngwenya
1,uqotshwa
1,usamkhomba
1,usana
1,malangabi
1,usangehlula
1,usawoti
1,lwezinyosi
1,lwezinyoni
1,lwesithathu
1,useduze
1,lwesibili
1,lwenkukhu
1,usemusha
1,lwayo
1,useyazidla
1,lwalaziwa
1,usezobuyela
1,luvutha
1,ushayela
1,lukakhukhunathi
1,luka
1,luju
1,usheshe
1,loyo
1,ushise
1,lonke
1,usiba
1,lomsindo
1,usifundisa
1,lomntwana
1,lomgwaqo
1,usindisa
1,lomfana
1,lomdlwane
1,lomculo
1,loluya
1,lolukhuni
1,lolosuku
1,lokwenza
1,lokuzalwa
1,lokuyoyipha
1,lokuyohlala
1,lokuya
1,lokuthatha
1,usise
1,usizo
1,lokulala
1,lokhuyana
1,usondele
1,usuhambe
1,lodwa
1,lobuyabuhle
1,lobumba
1,lobobusuku
1,usuvutha
1,lizophuza
1,lizona
1,lizomemboza
1,lizoba
1,lizigingqa
1,lizama
1,liza
1,liyozivulela
1,liyafana
1,liya
1,liwe
1,lithize
1,uswidi
1,lisifudumeze
1,lisibeka
1,lisho
1,lishisa
1,lishaya
1,lisahambile
1,liphumile
1,liphuma
1,liphinde
1,uthatha
1,linganisa
1,lingaba
1,lindizela
1,uthisda
1,linamazinyo
1,limemeza
1,lilifshane
1,likwazi
1,likuphi
1,likhala
1,likatasneem
1,likamama
1,likalinqe
1,likakethi
1,uthola
1,lihabhula
1,uvala
1,ligeze
1,uvalekile
1,ligcina
1,lifuna
1,liconsa
1,libuyele
1,libuya
1,libomvu
1,libiza
1,libe
1,libanda
1,lezonkukhu
1,uvelaphi
1,uvula
1,lezizilwane
1,uvuliwe
1,lezinkukhu
1,lezinkosikazi
1,lezingane
1,lezilonda
1,uvunguza
1,leyondlela
1,leyo
1,uwa
1,leso
1,lesithelo
1,lesikibha
1,uwashe
1,uwe
1,lesalukazi
1,lenyuka
1,lenyoni
1,lenyama
1,lentombazanyana
1,lentombazane
1,lenkonyane
1,lengane
1,uwena
1,uxolani
1,lendlov
1,lendaba
1,lena
1,lemvula
1,lempuphu
1,lemfene
1,lemali
1,uxolo
1,lelo
1,lelijezi
1,lelibhulukwe
1,leli-apula
1,uyafa
1,lekhethelo
1,legquma
1,uyahamba
1,laziminyeka
1,uyakuphi
1,lazabalaza
1,uyaluthanda
1,lawomadoda
1,uyangibuza
1,uyapheka
1,lavala
1,uyasikhuthaza
1,lasuka
1,lasolwandle
1,laso
1,lashona
1,lashisa
1,lashayeka
1,lasengadini
1,lasemiwa
1,uyasukuma
1,uyawa
1,uyawangamandla
1,laphuma
1,laphonseka
1,laphongizwa
1,uyaxhuga
1,laphendula
1,uyayilandela
1,uyazibona
1,uyaziqhenya
1,lanyakama
1,uye
1,langaphambili
1,langakwazi
1,uyena
1,uyifundise
1,lana
1,lan
1,lamila
1,uyikhala
1,lambe
1,lamasokisi
1,uyipheke
1,uyithanda
1,lalomisile
1,uyodla
1,uyomusiza
1,laliphuma
1,lalinombuzo
1,lalingafani
1,lalilifishane
1,uyotshela
1,lalilandela
1,lalihambisa
1,laligcwele
1,lakopolota
1,uyozigeza
1,uzabona
1,uzakungenisa
1,laka
1,lajabulela
1,lahko
1,lahamba
1,lagxumagxuma
1,lagoba
1,lagaxela
1,lafaka
1,uzalwa
1,uzobona
1,labuya
1,uzodla
1,labona
1,labo
1,uzokhokha
1,labantu
1,labamba
1,uzomuka
1,labafana
1,laba
1,uzongisiza
1,kwisibaya
1,kwingede
1,uzongithanda
1,kwindodana
1,kwimbulu
1,uzonxanelwa
1,kwezwakala
1,uzoshiswa
1,kwezinyosi
1,kwezinyoni
1,kwezinye
1,kwezinyanga
1,uzothatha
1,kwezindlu
1,uzoyibamba
1,kwezawakala
1,kwezaqathi
1,uzwa
1,kwethende
1,kwethemba
1,kwethanga
1,kwetende
1,kwesonto
1,vele
1,vic-torr
1,vic-torrr
1,viv
1,vo
1,vuka
1,wa
1,kwesigege
1,kwesigamu
1,kwesiduli
1,waako
1,kwephunga
1,kwephikokazi
1,wababikela
1,kwenzenjani
1,kwenzekeni
1,kwenzeke
1,kwenzekani
1,kwenzeka-ke
1,wabafana
1,wabafowabo
1,wabahlanganisa
1,wabamanzi
1,wabampofu
1,kwengede
1,wabandla
1,wabayiqhawe
1,kwemvula
1,kweminyaka
1,kwemifula
1,kwemakethe
1,kwelinye
1,kwelangabi
1,wabaza
1,kwekhishi
1,wabesethola
1,kwejazi
1,wabhamazeka
1,kweduku
1,kwechibi
1,kwebhasikidi
1,wabheka
1,kwazalwa
1,kwaza
1,wabhekisa
1,kwaya
1,kwawohloka
1,kwavula
1,wabiza
1,wabubula
1,wacala
1,wacasha
1,kwasebusuku
1,wacisha
1,kwaqhubeka
1,waconsa
1,kwaqala
1,wacosha
1,kwaphenduka
1,kwanuka
1,kwangiyisa
1,kwangathi
1,wacoshela
1,wadazuluka
1,kwamasonto
1,kwamaqguma
1,wadla
1,kwamanye
1,kwamanje
1,wadlula
1,kwamakhanda
1,kwamahlombe
1,wadlulela
1,kwalokho
1,kwalesisihlahla
1,waduka
1,kwakuzonyathela
1,kwakuthule
1,wadumala
1,kwakushisa
1,kwakusacashe
1,kwakunowesifazane
1,kwakunonogwaja
1,kwakunomfazi
1,kwakunguyise
1,kwakungumama
1,kwakungu
1,kwakungo
1,kwakungenzeka
1,kwakungelula
1,kwakungelona
1,kwakungekho
1,kwakungasesiyo
1,kwakunezinyoka
1,kwakuneqembu
1,kwakunentombazana
1,kwakunendoda
1,kwakunedamu
1,kwakumila
1,kwakumele
1,kwakulula
1,kwakulele
1,wafa
1,wafaka
1,kwakufanele
1,kwakubanda
1,kwaku
1,wafica
1,wafike
1,wafinyelela
1,kwafuneka
1,wafunda
1,kwadokotela
1,kwadlula
1,kwabuza
1,kwabuthelezi
1,wagcwalisa
1,kwabavukayo
1,kwabantu
1,wageja
1,kwa
1,kuzwakala
1,kuzozonke
1,kuzona
1,wagigitheka
1,kuzokwenzakalani
1,kuzobe
1,kuzoba
1,kuzo
1,kuziphindiselela
1,kuzibuza
1,wagqoka
1,kuyona
1,wagqolozela
1,kuyinyoni
1,kuyini
1,kuyena
1,kuyela
1,wagulelwa
1,kuyashisa
1,kuyabanda
1,kuxwayisa
1,waguqa
1,kuwena
1,wahabula
1,kuvusi
1,kuvuke
1,kuthiwa
1,kuthi
1,wahawukela
1,kuthathe
1,kuswininiza
1,wahhusha
1,kusuka
1,kuso
1,kusikhova
1,wahlanza
1,wahlukana
1,wakha
1,kushesha
1,wakhathala
1,kusemanzini
1,wakhokha
1,kuqalile
1,kuqala
1,kuphume
1,wakhombisa
1,wakhukhula
1,wakhulisa
1,kuphendul
1,kuphele
1,wakhumula
1,kunqe
1,kunokuvulela
1,kunokuthi
1,kunokudla
1,kunjani
1,wako
1,kungunonkungu
1,kungumuntu
1,wakuquka
1,kungukalabushe
1,wakwa
1,kungo
1,wakwazi
1,kungekudala
1,walala
1,walangazelela
1,kungazange
1,kungathiwa
1,kungathi
1,kungasekho
1,kungasabhekeki
1,walayisha
1,kungakapheli
1,walibeka
1,kunezinyathi
1,kunejuba
1,kundodana
1,kuncono
1,kunazo
1,kunawo
1,kunami
1,kunamazimu
1,kunalapha
1,kumnyama
1,kumnandi
1,kumkakhe
1,walibona
1,walifaka
1,walikhumula
1,kumalume
1,kumakhalekhukhwini
1,kuma
1,kulunguza
1,walindela
1,walubeka
1,walufaka
1,kulokho
1,kulobumnyama
1,walungisa
1,walunguza
1,kuleyondlu
1,kuleyondawo
1,kuleyandlu
1,kulesiya
1,kulesi
1,kulengane
1,kulendawo
1,wamagagasi
1,kulapho
1,kulailwe
1,kukhononda
1,kukhonani
1,wamakhela
1,kukamama
1,wamamatheka
1,wamboza
1,sokulala
1,kuhlebeza
1,kuhle
1,kuhlala
1,kuhanjwa
1,kugwinywe
1,kufudu
1,wambuza
1,kudla
1,kudisemba
1,wamcela
1,wamenzela
1,wamfaka
1,wamfihla
1,kubuthebelele
1,kubonga
1,wamfuna
1,kubhejane
1,wamgeza
1,kubesekubusuku
1,kubebuhlungu
1,wamibezwa
1,kubazali
1,wamila
1,kubaba
1,wamkhumbula
1,wamluma
1,kona
1,komuthi
1,komntwana
1,wammisa
1,komhlanga
1,komhlane
1,komgwaqo
1,komgodi
1,komgede
1,wamnyathela
1,komfazi
1,komfana
1,wamphefumulela
1,wamthatha
1,kokuwathosa
1,kokuthi
1,kokuthatha
1,kokuphuma
1,kokuluma
1,kokubili
1,wamthungela
1,kokheleka
1,wamtshela
1,wamubusisa
1,kkusho
1,wamuthathela
1,wamvusa
1,khoma
1,wamxoxela
1,khokhi
1,khna
1,khinsa
1,khathazeke
1,wancibilika
1,wangakithi
1,kengibulinganise
1,ke-ke-ke-ke-e-e
1,ke-ke
1,wangaphambili
1,wangazwisisi
1,kati
1,wangibamba
1,kasibusiso
1,wangibizawathi
1,wangidonsa
1,wangihlalisa
1,wangimangaza
1,kanozibele
1,wanginika
1,wanginikela
1,wangipha
1,wangiphakamisela
1,kanjalo
1,kangcono
1,kangangokuthi
1,wangithengela
1,wangizisa
1,wangqongqoza
1,wanika
1,wanyamalalela
1,kamama
1,kamalumekazi
1,kamalume
1,kamakoti
1,kakuma
1,wanyenya
1,kakhokho
1,kaketti
1,kakethi
1,waphapha
1,waphaphama
1,kagogo
1,waphatheka
1,kabuhlungu
1,waphefumula
1,kababa
1,wapheka
1,joshua
1,waphelelwa
1,jackal
1,jabulile
1,jabule
1,jabulanga
1,jabu
1,waphendukela
1,izwakala
1,izoshona
1,izodla
1,iziyoka
1,waphenya
1,waphephula
1,izitolo
1,izithombe
1,waphila
1,izitha
1,izisu
1,iziqathi
1,waphoxeka
1,waqalaza
1,waqapha
1,izinyo
1,izinyembezi
1,waqaphelisisa
1,izinyamazane
1,waqhabanga
1,waqhuba
1,waqhumuka
1,izinsizwa
1,izinsibana
1,izinsiba
1,izinqa
1,izinkunyana
1,waqinisekisa
1,washanela
1,washaya
1,izinja
1,izinikamandla
1,izinhlungu
1,izinhlobo
1,washayeka
1,izinhlangothi
1,washesha
1,izingulube
1,washeshe
1,wasibeka
1,wasibuza
1,wasigaxa
1,wasika
1,izindlulamithi
1,izindlovu
1,izindlebe
1,izinambuzane
1,izimvu
1,wasikholwa
1,wasina
1,wasinda
1,izimpilo
1,izimpiko
1,izimpala
1,izimpahla
1,izimoto
1,izimfudu
1,wasishaya
1,izimbuzi
1,wasithatha
1,izilwanyazana
1,wasithola
1,izilonda
1,izikhathi
1,izihlilingi
1,izihlathi
1,izihlahla
1,izigwili
1,izigigaba
1,wasitshela
1,izidalwa
1,izicathulo
1,izicabucabu
1,wasivakashela
1,wasondela
1,ize
1,watered
1,wathathwa
1,izambulela
1,izama
1,izakhamuzi
1,iz
1,iyodwa
1,iyisinambuzane
1,iyisilima
1,iyinhle
1,iyingozi
1,iyimbulu
1,iyazi
1,iyasidinga
1,iyalwa
1,iyakwazi
1,iyadlula
1,wathenga
1,wathetha
1,iwela
1,ivikelwe
1,wathinta
1,wathokoza
1,ithulue
1,ithule
1,itholwe
1,ithokozile
1,ithimba
1,wathuka
1,ithawela
1,wathukuthela
1,itekisi
1,wathwala
1,isusu
1,isuka
1,watshala
1,isomiso
1,iso
1,isizemboza
1,isivalo
1,wavele
1,wavuna
1,wawadla
1,isisu
1,isisindo
1,isisila
1,isiqu
1,isiqedile
1,isiphunzi
1,isiphukuphuku
1,wawafaka
1,isiphetho
1,isinqumo
1,wawahlanganisa
1,isimo
1,wawanika
1,isilima
1,wawaqeda
1,isikhuni
1,wawela
1,wawendlala
1,wawethukile
1,isikhala
1,wawubasa
1,wawubeka
1,isihambile
1,isigubhu
1,wawugcwele
1,isigodi
1,wawulindele
1,wawumbambezela
1,isifiso
1,isidunu
1,wawumfoma
1,wawumncane
1,wawumuhle
1,wawungeke
1,wawungekho
1,wawuthola
1,isibuye
1,isibomvu
1,wawuzocasha
1,waxhugeza
1,isibaya
1,ishuuu
1,isho
1,ishiye
1,waxolisa
1,isele
1,waxoxela
1,isekhulile
1,isazabalaza
1,wayakhona
1,isambulela
1,wayaye
1,iqhubeka
1,iqhinga
1,iqembu
1,iqala
1,iqakala
1,ipulazi
1,iphuze
1,wayebeke
1,iphunga
1,wayebuya
1,wayebuza
1,iphepha
1,iphazanyiswe
1,iphathelene
1,wayecashe
1,iphakamise
1,iphakamisa
1,wayecashile
1,wayechitha
1,wayedansa
1,inyamana
1,wayedansela
1,intuthu
1,intshe
1,wayedlala
1,wayefuna
1,intokozo
1,wayegxumela
1,intambo
1,intabeni
1,insizwa
1,wayehalela
1,wayehambisa
1,inomhlobiso
1,inomboko
1,inoboya
1,inkulu
1,wayehlala
1,wayehlezi
1,wayejabulile
1,wayeke
1,wayekhathele
1,inkawa
1,wayekhona
1,wayekufisa
1,inhlamvu
1,wayekutha
1,wayelala
1,wayelele
1,wayelinda
1,ingozi
1,ingilandela
1,ingi
1,wayelokhu
1,ingasuka
1,inganekwane
1,wayeloku
1,ingamusukela
1,ingakuvakashela
1,wayematasatasa
1,inezinkomo
1,inesisu
1,inepulazi
1,inephondo
1,wayeme
1,induna
1,wayememeza
1,wayemthengele
1,wayemuhle
1,wayemukela
1,indlulamithi
1,indluka-fudu
1,wayenenkinga
1,wayenephika
1,wayenesifo
1,indle
1,indlala
1,indizele
1,wayenga
1,indishi
1,wayengabhekile
1,indawa
1,wayengafikeleli
1,wayengakaze
1,wayengakuthandi
1,inamandla
1,wayengalokhu
1,wayengaphathanga
1,imvubu
1,imvini
1,imudle
1,imshiya
1,wayengasakwazi
1,wayengawuzwa
1,wayengaziboni
1,wayengekho
1,imnandi
1,imisila
1,imisebenzi
1,wayengenandaba
1,iminwe
1,imini
1,wayengenaye
1,imina
1,imimoya
1,imilenze
1,imikhonto
1,wayengowesifazane
1,imidlalo
1,imicibisholo
1,wayengumngani
1,wayeno
1,imholile
1,imfuna
1,wayenqaba
1,imemeza
1,wayenqamula
1,wayentengantenga
1,imbono
1,wayenuka
1,imbila
1,wayenxanwe
1,imamatheka
1,wayepheka
1,wayephethe
1,ilula
1,iloli
1,ilokhu
1,ilizwi
1,ilizwe
1,iliphi
1,ilethwe
1,ilele
1,ilangabi
1,wayephoxekile
1,ilambile
1,ilalele
1,ikwazi
1,ikona
1,ikofi
1,iklabishi
1,ikhwaya
1,ikhuphuka
1,ikhumula
1,ikhuluphele
1,ikhula
1,ikhona
1,ikhomba
1,wayesaba
1,ikhekhe
1,ikhehla
1,ikhayithi
1,wayesacashe
1,wayesangandizela
1,wayesazi
1,wayesebuyile
1,ijuba
1,wayesehambile
1,ijabule
1,ihlezi
1,ihleka
1,ihlaya
1,ihlanze
1,ihlala
1,ihhashi
1,wayesekhulume
1,wayesenquma
1,ihambe
1,ihamba
1,wayesesaba
1,igqoka
1,igobise
1,igejalakhe
1,wayesesalelwe
1,wayesevukile
1,wayesezigwaze
1,wayeshone
1,igagasi
1,wayethanda
1,idumbe
1,wayethe
1,wayethi
1,idlala
1,wayethobile
1,wayethuke
1,wayetshala
1,icule
1,wayewuchitha
1,iconsi
1,icebo
1,ibuya
1,ibukeke
1,ibilahlelwa
1,wayewukhohliwe
1,ibhonga
1,wayeyicuphile
1,ibhokadi
1,wayeyintombanyana
1,ibheke
1,wayeyintombazane
1,wayeyithemba
1,wayeyobanakekela
1,ibhalunde
1,ibhakede
1,wayeyozingela
1,i-i-i
1,i-ambulensi
1,wayezidansela
1,hungry
1,hubhu
1,ho-ho-ho
1,hlose
1,hlathi
1,hlambe
1,wayezilayishe
1,wayezithanda
1,hhhooo
1,wayezozithenga
1,hhawuhhawu-hhawu
1,heeeeeeee
1,heeeee
1,wayibeka
1,harvested
1,hambani
1,wayibona
1,habhula
1,habe
1,ha
1,gxume
1,wayifaka
1,wayifuna
1,gulere
1,grapes
1,gobela
1,goba
1,giyibone
1,gibela
1,wayinyakazisa
1,wayiphekela
1,wayiphendula
1,wayiyisa
1,funa
1,wayobeka
1,flp
1,wayobheka
1,wayocasha
1,ezweni
1,wayohlala
1,ezulwini
1,ezula
1,ezothatha
1,ezokomisa
1,ezizwa
1,eziyisithupha
1,eziyisishiyagalombili
1,eziyisishangalombili
1,ezitshakadule
1,ezithulela
1,ezithengiza
1,ezithathuukuba
1,ezithathu
1,eziphumulele
1,eziphakeme
1,wayothatha
1,ezinyanyekayo
1,wazibeka
1,wazibona
1,wazigeza
1,wazikhumbula
1,wazilalisa
1,waziqhanya
1,ezinhlanu
1,ezingomakhelwane
1,ezingenaboya
1,wazishiya
1,ezingavuthwanga
1,ezinezandla
1,wazishobeza
1,wazisonga
1,ezindizela
1,ezindizayo
1,ezindebeni
1,ezinde
1,ezindaweni
1,ezindala
1,wazisukela
1,ezinameva
1,ezinakhokonke
1,ezimnyama
1,ezimnandi
1,wazisusa
1,ezimbalwa
1,eziluhlaza
1,ezilapho
1,ezilambile
1,ezikhululekile
1,ezikhonkothayo
1,ezihlaza
1,wazithela
1,ezihambela
1,ezigqokile
1,wazithinta
1,ezidushela
1,ezidulayo
1,ezidlela
1,ezidala
1,ezicijile
1,webank
1,ezibuza
1,eziba
1,ezenza
1,ezaziya
1,ezaziseduze
1,ezazingakaze
1,ezazilengeleya
1,ezazifika
1,ezase
1,ezandleni
1,weeded
1,wehlela
1,ezahlukahlukene
1,ezabubona
1,eyozigeza
1,eyothola
1,eyomile
1,eyombeka
1,eyokukhosela
1,eyofika
1,wehlika
1,welch
1,eyobheka
1,eyivuthulula
1,eyisithupha
1,weloli
1,welula
1,eyintombazanyana
1,eyimfihlo
1,eyikhombisa
1,eyibeka
1,eyengapha
1,eyendoda
1,eyekwelinye
1,eyedlule
1,eye
1,eyayizokwenzeka
1,eyayizishintshe
1,eyayithwele
1,eyayiphethwe
1,eyayinothile
1,eyayinomona
1,welulela
1,eyayingalimele
1,wemali
1,eyayihlupheka
1,wembulu
1,eyayifase
1,eyayenziwa
1,eyaphumula
1,eyakho
1,wemfene
1,eyaba
1,wemntwana
1,exwayisa
1,exhugeza
1,ewusizo
1,ewuphethe
1,ewukhuculula
1,ewugwadule
1,ewubeka
1,ewela
1,ewathosa
1,evuthiwe
1,evulekile
1,evula
1,evamile
1,evala
1,evakashela
1,etsheni
1,wendoda
1,ethusayo
1,ethuma
1,wendodana
1,ethu
1,ethola
1,wengede
1,ethethisa
1,ethendeni
1,ethamele
1,wengwenya
1,wenkawa
1,wenkawu
1,esondela
1,eskhaya
1,esizoyidla
1,esizodlala
1,esixwaye
1,esivuthayo
1,esivulekile
1,esithokozisayo
1,wenyoka
1,esishisa
1,esisele
1,esisegqumeni
1,esiseduze
1,esiqwini
1,wenyoni
1,esiphundu
1,esiphezulu
1,esinukayo
1,esingumbal
1,esingashisi
1,esingangenyanga
1,esinelibhini
1,esindise
1,esindala
1,wethuka
1,esimweni
1,esimnandi
1,esilwaneni
1,esiluhlaza
1,esilugwini
1,esilandelayo
1,esikuhlaselayo
1,wethusa
1,esikhundleni
1,wezimbali
1,esikhula
1,esikhazimulayo
1,wezinyosi
1,what
1,esihlahla
1,esigazingiwe
1,esifubeni
1,whoosh
1,wokheleka
1,esidlalwa
1,wokubaleka
1,esibuhlungu
1,wokububula
1,wokudansa
1,wokuthi
1,esibaluleke
1,eshuuu
1,eshutheka
1,wokuzingela
1,wokweqa
1,eshisayo
1,eshaqeke
1,eshalofini
1,esha
1,esezishutheke
1,eseyisicebi
1,eseyesula
1,eseya
1,esetshele
1,esethusayo
1,esesondele
1,esesiswini
1,esesibambe
1,eseshonile
1,esesele
1,wolintshi
1,esenza
1,esengengadini
1,esemtholile
1,esemncane
1,esemlonyeni
1,eselungele
1,esedume
1,esecabanga
1,esebuyile
1,esebukele
1,esebiza
1,esebenza
1,esayibuza
1,esaye
1,esasiphethe
1,esasingekho
1,womhlaba
1,esasenziwe
1,esanenza
1,esandizela
1,wona
1,esaloku
1,esalele
1,esahambile
1,esagcwalisa
1,worked
1,esaba
1,eqwebezelayo
1,wozani
1,eqinile
1,eqhubeka
1,eqhuba
1,eqgumeni
1,eqeleni
1,eqabungeni
1,wubani
1,ephumulile
1,ephumule
1,wukuthi
1,ephula
1,epholisha
1,ephindelela
1,wumbila
1,wumlilo
1,ephikisana
1,ephethwe
1,ephethe
1,ya
1,ephenduka
1,ephela
1,ephekiwe
1,yaamehlo
1,ephanga
1,enzenjani
1,yabaleka
1,enza
1,enyonini
1,enyoka
1,yabheka
1,enyathela
1,yabonakala
1,entweni
1,yabonwa
1,yabuka
1,enomusa
1,enomona
1,enomnenke
1,enomhobholo
1,enomama
1,enokuthula
1,yabukela
1,enkundleni
1,yabuyela
1,enkhulu
1,enje
1,yacela
1,eningi
1,yadla
1,yafika
1,engubeni
1,engu-mercedes
1,engizoyidla
1,engiyicelayo
1,engiwubeke
1,engisigqoke
1,yafike
1,enginalo
1,yafuna
1,engilijwayele
1,engichazela
1,engezwa
1,engenze
1,engenamanzi
1,engenamandla
1,engenakhaya
1,engenabo
1,yagcina
1,engekho
1,yagijimela
1,engazitholanga
1,engazange
1,engawuzwa
1,engatholi
1,engase
1,engaphezi
1,enganga
1,engamtholi
1,engami
1,engaluphuzanga
1,engalizwa
1,engalaleli
1,engakwazi
1,engake
1,engakaze
1,engajwayelekile
1,engafunu
1,engadli
1,yagingqela
1,engabonwa
1,enesibindi
1,enephondo
1,yagobisa
1,endodakazini
1,yagxuma
1,yagxumagxuma
1,endle
1,yahunyushwa
1,yakhala
1,yakhanyisa
1,endansela
1,endalini
1,yakhohlola
1,yakliwula
1,encibilika
1,encemeni
1,yakubona
1,enamaqhinga
1,enamanzi
1,enamahloni
1,yalala
1,yamajikijolo
1,emzaneni
1,emvula
1,yamantombazane
1,yambuza
1,emumva
1,yamembathisa
1,yamumemeza
1,emshadweni
1,emqaleni
1,empilweni
1,empilo
1,yamuzwa
1,emoyeni
1,yangakithi
1,emnothweni
1,emndenini
1,emncane
1,emnandi
1,emlonyeni
1,yangakubo
1,emlenzeni
1,emlekelela
1,eminye
1,eminyakeni
1,yangalidedela
1,yanganyakaza
1,emingaki
1,emile
1,emihlanu
1,emhlophe
1,emhlangeni
1,yangemuva
1,yangena
1,yangibuza
1,yangithathela
1,yanqamuka
1,yanquma
1,yanyukela
1,emehlweni
1,emduduza
1,embozwe
1,embotsheni
1,yaphakamisa
1,embi
1,embheka
1,embhedeni
1,embalwa
1,ematsheni
1,emasini
1,yaphela
1,yaphendula
1,yaphuma
1,yaphumula
1,emalealea
1,yasemakethe
1,emakhethe
1,yasendlini
1,yasiphimisela
1,emahlombe
1,yasiphonsa
1,emadlelweni
1,emabhodweni
1,ema
1,yasuka
1,elungela
1,yathola
1,elomile
1,elokhu
1,eliyindodana
1,elivundile
1,elithulile
1,yavele
1,elisha
1,elisesihlahleni
1,eliseduze
1,eliseduzane
1,eliphuza
1,yaveza
1,yavuma
1,elinothile
1,elingengakanani
1,yawubophela
1,elingana
1,elinemifino
1,elindile
1,elindele
1,yaya
1,elimnyama
1,yayazi
1,elimhlophe
1,yayeka
1,elilangazeleyo
1,elikude
1,yayidlala
1,elijwayelekile
1,elijabulile
1,elihlekisayo
1,yayigwinya
1,yayihlafuna
1,yayikhathazekile
1,elidala
1,eliculayo
1,eliconsa
1,yayikhuluphele
1,elibizwa
1,yayikuphi
1,yayilindele
1,elekelelwa
1,yayilinganisa
1,eldoret
1,yayimide
1,elami
1,elambe
1,elalisifudumezile
1,elalishisa
1,elabe
1,ekwazi
1,ekutheni
1,yayina
1,ekukhanyeni
1,yayincane
1,yayindiza
1,ekudleni
1,yayingafuni
1,ekhuselekile
1,yayisaphethwe
1,ekhululekile
1,ekhula
1,ekhu
1,ekhononda
1,yayisiphothana
1,ekhomba
1,ekhishini
1,ekhipha
1,yayiyetha
1,yayiyinde
1,yayiyopha
1,ekhaleni
1,ekhalele
1,yayiza
1,ekepisini
1,ekamelweni
1,ejwayelekile
1,ejazini
1,yayizwa
1,yayo
1,ehlombe
1,ehlolo
1,ehlobo
1,yayophuza
1,yazithatha
1,yehlela
1,ehlaza
1,yehlele
1,ehlangana
1,yehlikele
1,ehlakaniphile
1,yekhehla
1,egxumagxuma
1,yekhethelo
1,egumbini
1,egqoke
1,yentombazane
1,egogogweni
1,egijimela
1,egijima
1,egcwele
1,egcina
1,egcekeni
1,egazini
1,yenu
1,efundisa
1,efunana
1,yenyoni
1,efanayo
1,efa
1,eeldoretemakethe
1,yenza
1,edolobheni
1,edolobhaneni
1,edlalisa
1,yeqa
1,ededela
1,edansa
1,edangele
1,yeqela
1,ecwebezelayo
1,eculile
1,eculela
1,yeqhawe
1,ecingela
1,yesihlahla
1,echaphaka
1,yesilevu
1,eceda
1,ecasulile
1,yesindayo
1,ebuya
1,ebuthongweni
1,yesivande
1,yeswa
1,yethule
1,ebukelwa
1,ebukeka
1,yezemidlalo
1,yezilwane
1,yezingane
1,ebhokisini
1,ebheka
1,yezinhlungu
1,ebese
1,ebeqeda
1,ebelizomusiza
1,ebasusa
1,ebangeni
1,ebancenga
1,ebampofu
1,yezinyoka
1,ebalulekile
1,ebalisa
1,ebaleni
1,yezwa
1,ebabhekile
1,yi-apula
1,yi-hi-hi-hi
1,dolobhana
1,dolobha
1,dlana
1,dlamini
1,dlala
1,didli
1,yihembe
1,yihi-hi-hi
1,dadewethu
1,dadewabo
1,cwaka
1,yimpelesi
1,cornelius
1,cishe
1,chitik-chitik-chitik
1,yindaba
1,yindumezulu
1,buthelezi
1,buthakathaka
1,busuku
1,yingoba
1,bukanonkungu
1,buka
1,buhlungu
1,breakfast
1,yinjabulo
1,yinkawu
1,yinkosi
1,yinyanga
1,bomvu
1,yisiketi
1,yisiphi
1,blue
1,bhubesi
1,bhodweni
1,bhodini
1,bhenjane
1,bhekani
1,yisisu
1,bhaxa
1,bhasikidi
1,yisu
1,bezopha
1,bezisazilalele
1,bezingcole
1,beze
1,bezama
1,yize
1,beyotapa
1,beyofuna
1,beyizimfene
1,beyitshela
1,beyidlani
1,beyeka
1,bexakekile
1,bethi
1,yizifo
1,bethela
1,besiza
1,besikufuna
1,beshonile
1,beshona
1,besengakangeni
1,beselehlile
1,yizingane
1,yizo
1,besadlala
1,yizona
1,beqinile
1,beqhaqhazela
1,beqala
1,bepulazi
1,bephiwa
1,bephindela
1,bephinde
1,yodwa
1,bephelile
1,benze
1,benza
1,benuka
1,benokwesaba
1,yokucasha
1,bengwe
1,bengumzingeli
1,bengumphathi
1,bengizozingela
1,bengizozalela
1,yokuchwensana
1,bengizonika
1,bengizolapha
1,bengizolala
1,bengizokhula
1,bengizokhalela
1,bengizodla
1,bengiyisikhukhukazi
1,bengiyikati
1,bengiyigundane
1,bengiyibhekile
1,bengiwumfundisi
1,bengiwudokotela
1,benginotho
1,benginomngani
1,bengingumceli
1,bengingeke
1,benginamazinyo
1,benginakekele
1,bengimonto
1,bengimiyane
1,bengicabangani
1,yokuhlaba
1,bengathokozile
1,bengakahambi
1,benga
1,benempilo
1,bendawo
1,bemufisele
1,bemshaya
1,beminyene
1,bemila
1,bememeza
1,bemanziswe
1,bemamele
1,belungiselela
1,yokuhleka
1,beliphezulu
1,belambile
1,bekungufudu
1,bekufudumala
1,bekhushisa
1,bekhumula
1,yokuthenga
1,bekhohliwe
1,yome
1,bekenza
1,bekangathokozile
1,bejabule
1,behona
1,behluleka
1,yomlilo
1,behleka
1,yomsebenzi
1,yomshado
1,befunana
1,befikile
1,befika
1,bedlile
1,bebuzana
1,bebuyela
1,bebukana
1,bebona
1,bebhukuda
1,bebeyizonda
1,bebengekh
1,bazowudla
1,bazomubona
1,bazo
1,bazithola
1,bazingase
1,yonkhe
1,bazibona
1,bazele
1,baze
1,bazama
1,bayohlala
1,zabaleka
1,bayobhukuda
1,zabeka
1,bayiphatha
1,bayinquma
1,bayingcwaba
1,bayilandela
1,bayihlonipha
1,zabhukudela
1,bayayisaba
1,bayayazi
1,bayaqinisekisa
1,bayakhuluma
1,bayabaleka
1,zabona
1,baxoxa
1,baxosha
1,bawenza
1,bawela
1,bavula
1,bavuka
1,baveza
1,zadlula
1,bathokomala
1,bathini
1,zafihla
1,bathengisa
1,batheleka
1,bathandeka
1,bathanda
1,basindiswa
1,bashiya
1,zafudumala
1,bashintsha
1,zahamba
1,basebenzisa
1,basebekwazi
1,zakafudu
1,barbara
1,zakhetha
1,zakhohlwa
1,baphuthuma
1,baphumela
1,zakhula
1,baphole
1,baphinde
1,baphila
1,baphethe
1,baphepha
1,baphendula
1,zakshelana
1,baphatheke
1,banwebela
1,bansinsitheka
1,banquma
1,bangithumele
1,bangithathe
1,bangasithola
1,bangamkhumula
1,bangakwazi
1,bangafika
1,zakuleyo
1,bandiza
1,bamxwayisa
1,bamuzwa
1,bamthola
1,zalitinyela
1,bamtasa
1,bamphatha
1,bamkhuze
1,zalunguza
1,bamhambisa
1,bamfaka
1,bamcela
1,bambeka
1,bama
1,zamehlo
1,balindela
1,zamsiza
1,zamthelekela
1,zamudla
1,bakuqaphele
1,zamzwisa
1,bakhona
1,zanda
1,bakho
1,zangabe
1,bake
1,bakasibusiso
1,zangaphansi
1,bajimela
1,bajikeleze
1,baikhulisa
1,bahlezi
1,bahlekane
1,bahlanganisa
1,bahlangana
1,bahlale
1,zanquma
1,bahambisana
1,bahambe
1,zaqale
1,bagxumela
1,zaqinelana
1,bagcina
1,bafunda
1,zasemzini
1,bafiga
1,bafaka
1,zasendle
1,badlisa
1,badle
1,zasepulazini
1,zashintsha
1,zasithatha
1,zavumela
1,bacela
1,bacasha
1,bacanga
1,babulale
1,babukana
1,babuka
1,babonana
1,zaxoxa
1,zayishiya
1,zayophuza
1,zazaca
1,babezwana
1,babezibuza
1,babeze
1,babeyilinde
1,babetape
1,babeshaywa
1,babesakhumbula
1,babesaba
1,babephethe
1,babephatheke
1,babenziwe
1,babenza
1,babengekho
1,babengazwani
1,babengayaphi
1,babengavunyelwe
1,babengacabangi
1,babengabantu
1,babengabangani
1,babenengane
1,babemthanda
1,zazama
1,babekhohliwe
1,babeke
1,zaze
1,babehlanganyela
1,zazi
1,babehamba
1,babegingqika
1,babegcina
1,babefuna
1,babedlala
1,babebukana
1,babebonana
1,babebagcina
1,zazibekwe
1,babathande
1,babambane
1,babaleka
1,zazibuzana
1,azophuza
1,azophumula
1,azongenela
1,azokweba
1,azohlala
1,azodansela
1,azo
1,zazifika
1,azintaba
1,azimbonanga
1,azilungiselela
1,azikwazi
1,azifisayo
1,azibone
1,azi
1,zazihlaziya
1,azame
1,ayothola
1,ayotheza
1,ayophuza
1,ayomculela
1,ayofuna
1,ayofika
1,zazikhula
1,ayiwashele
1,ayisishiyagalolunye
1,ayisikhombisa
1,ayishiyele
1,ayiphindanga
1,ayingcwenga
1,zazimboza
1,ayikuthandanga
1,ayikho
1,ayibonge
1,ayeziphethe
1,ayeze
1,zazimemeza
1,ayeyizintandane
1,ayeyilalisile
1,ayeyibekele
1,ayewaphuma
1,ayewadekile
1,ayesiphethe
1,ayesephansi
1,ayesencibilikile
1,ayesenalo
1,ayesele
1,ayeseduze
1,ayesebambe
1,ayepholisa
1,ayephethe
1,ayenomona
1,ayelazi
1,zazimlindele
1,ayekufuna
1,ayekele
1,ayehlezi
1,ayehlala
1,ayebabona
1,zazimthukuthelele
1,zazingacabangi
1,ayalithanda
1,ayakhula
1,awuwele
1,awusiye
1,awungakhi
1,zazingena
1,awuboni
1,awo
1,awahlali
1,awa
1,avuleka
1,avala
1,zaziphila
1,athengise
1,asuke
1,asiye
1,asisenalo
1,asingeke
1,asikho
1,asihlali
1,asihambeni
1,asibona
1,asho
1,ashiye
1,zazishile
1,ashisa
1,ashaye
1,ashanele
1,asephele
1,asemphakathini
1,asekhulile
1,asambe
1,asabheka
1,aqinile
1,aqede
1,zazo
1,aphuze
1,aphindisele
1,aphikisane
1,zeluleka
1,aphephe
1,aphela
1,apheka
1,anuka
1,antininize
1,zenkomo
1,anombala
1,anike
1,anibheke
1,angizukuhamba
1,angizange
1,angithi
1,anginidingi
1,anginandaba
1,zezilwane
1,zezimphiko
1,angilifanisanga
1,angikuzwanga
1,angikubonanga
1,zezithelo
1,zibesabise
1,angibuhlungu
1,angibonanga
1,angephezu
1,angene
1,zibonwe
1,angcolile
1,zibubula
1,angazenzela
1,angazanga
1,angawadla
1,angatsheli
1,angasigibela
1,angabazi
1,angabahlaseli
1,andiza
1,zibukeka
1,zicathulo
1,anambitheka
1,anamazinyo
1,anabe
1,amzilele
1,amxoshe
1,amshiya
1,amphonsa
1,amnike
1,zicishe
1,ammema
1,amlalele
1,amkhulu
1,ziconsisa
1,amhambise
1,amemeze
1,zididekile
1,zidlala
1,ambone
1,ambe
1,zidlo
1,amazolo
1,zifa
1,zifika
1,zifunde
1,amaxoxo
1,zigingqa
1,zihlabe
1,amathonsi
1,zihlangene
1,amathathu
1,zijabulela
1,amasongololo
1,amasokisi
1,zikathandeka
1,amasente
1,zilamukele
1,zimbalwa
1,zimbeke
1,zimbili
1,zimnandi
1,zimphikisa
1,amantombazanyana
1,zimvini
1,amantobazanyana
1,zinamazinyo
1,amaningi
1,zindaba
1,amane
1,amandla
1,amancane
1,amaloli
1,amalangabi
1,zinekiwe
1,amakhehla
1,amakhaya
1,zingabimanzi
1,zingaphili
1,amakepisi
1,zingazwani
1,amajikijolo
1,amahlamvu
1,amahembe
1,amagwinya
1,zingcolile
1,zingenayo
1,amaguava
1,amagolide
1,amagciwane
1,amagama
1,amafutha
1,zingene
1,amadube
1,zinike
1,amade
1,amadala
1,amaculo
1,amacornflakes
1,amacimbi
1,amacembe
1,zinkulu
1,amabhayisekili
1,amaapula
1,ama-apula
1,ama
1,alungise
1,aluhlaza
1,alingeni
1,alinda
1,alikho
1,alifani
1,alan
1,alambile
1,akwaziyo
1,zinomboko
1,zinwele
1,akuzingelile
1,akuzange
1,akuyona
1,akusizona
1,akusiyo
1,ziphelile
1,akunjalo
1,akungalungile
1,akundizwe
1,akunankinga
1,akukholelwe
1,ziphethe
1,akudlulanga
1,ziphi
1,akholwe
1,akholelwe
1,ziphukuphuku
1,ziphuma
1,ziphumule
1,ziqale
1,akeve
1,zisakhuluma
1,akazwakali
1,zisaqhubeka
1,akazanga
1,akasilo
1,akaphindanga
1,akanawo
1,akanaso
1,akalibonanga
1,zisayofuna
1,akakholelwanga
1,akakhohlwanga
1,akakakwazi
1,akafunanga
1,akadlaleli
1,akabuyele
1,ajuluke
1,ajabule
1,ai
1,ahlukana
1,zishile
1,zisihleke
1,ahh
1,ahambisele
1,ahambe
1,zithandwa
1,agijime
1,zithelo
1,afike
1,zithi
1,zivevezela
1,adeke
1,adanse
1,acule
1,acula
1,acijile
1,achashe
1,acashele
1,acashe
1,acala
1,zivuthulule
1,abuye
1,ziya
1,abone
1,ziyangincinza
1,ziyangiqina
1,abhekisa
1,abesifazane
1,ziyanyakaza
1,abemahle
1,abehamba
1,ziyazithengiswa
1,abazoludla
1,ziyiyeke
1,zizolanda
1,zizomcutha
1,abaso
1,abaphume
1,zizwe
1,zodwa
1,zokudlala
1,abantshontshe
1,zokudondolozela
1,abanikele
1,zokufaka
1,zokulahlekelwa
1,abancane
1,abambe
1,zokuthi
1,abalekele
1,abahlulekayo
1,abahlaseli
1,abahlala
1,abafowakhe
1,zombili
1,abafika
1,zomoya
1,zona
1,abadlulayo
1,abadala
1,zula
1,ababezohlala
1,ababephila
1,ababengazidla
1,ababehlezi
1,ababehlala
1,aai
1,aaaaii
1,zwakalile
